,Symbol,REIT Name,REITRating??? Score*,Stock Exchange,Type,Sector,Country,Data Centers,Diversified,Health Care,Hotel,Industrial,Infrastructure,Mortgage,Office,Residential,Resorts,Retail,Self Storage,Timber,Specialty
439,AAD,Ardent Leisure Group,,ASX,Equity REIT,"Diversified, Specialty",Australia,,1,,,,,,,,,,,,1
423,ARF,Arena REIT,,ASX,Equity REIT,"Health Care, Specialty",Australia,,,1,,,,,,,,,,,1
446,HPI,Hotel Property Investment Ltd.,,ASX,Equity REIT,"Hotel, Retail, Specialty",Australia,,,,1,,,,,,,1,,,1
422,CIP,Centuria Industrial Reit,,ASX,Equity REIT,Industrial,Australia,,,,,1,,,,,,,,,
424,CMA,Centuria Metropolitan REIT,,ASX,Equity REIT,Industrial,Australia,,,,,1,,,,,,,,,
425,IDR,Industria REIT,,ASX,Equity REIT,Industrial,Australia,,,,,1,,,,,,,,,
428,GMG,Goodman Group Ltd.,,ASX,Equity REIT,Industrial,Australia,,,,,1,,,,,,,,,
430,DXS,DEXUS Property Group,,ASX,Equity REIT,"Industrial, Health Care, Office, Retail",Australia,,,1,,1,,,1,,,1,,,
437,GOZ,Growthpoint Properties Australia Ltd.,,ASX,Equity REIT,"Industrial, Office",Australia,,,,,1,,,1,,,,,,
418,CQR,Charter Hall Retail REIT,,ASX,Equity REIT,"Industrial, Office, Retail",Australia,,,,,1,,,1,,,1,,,
421,CLW,Charter Hall Long Wale REIT,,ASX,Equity REIT,"Industrial, Office, Retail",Australia,,,,,1,,,1,,,1,,,
438,ABP,Abacus Property Group,,ASX,Equity REIT,"Industrial, Office, Retail, Self Storage",Australia,,,,,1,,,1,,,1,1,,
429,SGP,Stockland Corporation Limited,,ASX,Equity REIT,"Industrial, Residential, Office, Health Care, Specialty",Australia,,,1,,1,,,1,1,,,,,1
433,IOF,Investa Office Fund,,ASX,Equity REIT,Office,Australia,,,,,,,,1,,,,,,
447,BWR,BlackWall Property Trust,,ASX,Equity REIT,"Office, Retail",Australia,,,,,,,,1,,,1,,,
442,URF,US Masters Residential Property Fund,,ASX,Equity REIT,Residential,Australia,,,,,,,,,1,,,,,
444,INA,Ingenia Communities Group,,ASX,Equity REIT,Residential,Australia,,,,,,,,,1,,,,,
417,SCG,Scentre Group,,ASX,Equity REIT,Retail,Australia,,,,,,,,,,,1,,,
427,WFD,Westfield Corp Ltd,,ASX,Equity REIT,Retail,Australia,,,,,,,,,,,1,,,
431,VCX,Vicinity Centres Ltd,,ASX,Equity REIT,Retail,Australia,,,,,,,,,,,1,,,
432,MGR,Mirvac Group,,ASX,Equity REIT,Retail,Australia,,,,,,,,,,,1,,,
434,SCP,Shopping Centres Australasia (SCA Property Group),,ASX,Equity REIT,Retail,Australia,,,,,,,,,,,1,,,
436,BWP,BWP Trust,,ASX,Equity REIT,Retail,Australia,,,,,,,,,,,1,,,
443,CDP,Carindale Property Trust,,ASX,Equity REIT,Retail,Australia,,,,,,,,,,,1,,,
435,CMW,Cromwell Group,,ASX,Equity REIT,"Retail, Office, Industrial",Australia,,,,,1,,,1,,,1,,,
419,VVR,Viva Energy REIT,,ASX,Equity REIT,"Retail, Specialty",Australia,,,,,,,,,,,1,,,1
426,CRR,Convenience Retail REIT,,ASX,Equity REIT,"Retail, Specialty",Australia,,,,,,,,,,,1,,,1
420,NSR,National Storage REIT,,ASX,Equity REIT,Self Storage,Australia,,,,,,,,,,,,1,,
440,LEP,ALE Property Group,,ASX,Equity REIT,Specialty,Australia,,,,,,,,,,,,,,1
441,FET,Folkestone Education Trust,,ASX,Equity REIT,Specialty,Australia,,,,,,,,,,,,,,1
445,RFF,Rural Funds Group,,ASX,Equity REIT,Specialty,Australia,,,,,,,,,,,,,,1
582,CPINV,Care Property Invest REIT NV,,EURONEXT,Equity REIT,Health Care,Belgium,,,1,,,,,,,,,,,
573,AED,Aedifica REIT SA,,EURONEXT,Equity REIT,"Health Care, Hotel, Residential",Belgium,,,1,1,,,,,1,,,,,
570,COFB,Cofinimmo REIT SA,,EURONEXT,Equity REIT,"Health Care, Office, Industrial",Belgium,,,1,,1,,,1,,,,,,
572,WDP,WDP REIT Warehouse & Distribution DE PAU,,EURONEXT,Equity REIT,Industrial,Belgium,,,,,1,,,,,,,,,
583,MONT,Montea REIT CVA,,EURONEXT,Equity REIT,Industrial,Belgium,,,,,1,,,,,,,,,
575,INTO,Intervest Offices & Warehouses NV,,EURONEXT,Equity REIT,"Industrial, Office",Belgium,,,,,1,,,1,,,,,,
574,BEFB,Befimmo REIT SCA SA,,EURONEXT,Equity REIT,Office,Belgium,,,,,,,,1,,,,,,
580,IMMOU,Immo Moury SCA,,EURONEXT,Equity REIT,"Office, Industrial",Belgium,,,,,1,,,1,,,,,,
577,WEHB,Wereldhave Belgium CVA REIT,,EURONEXT,Equity REIT,"Office, Retail",Belgium,,,,,,,,1,,,1,,,
576,LEAS,Leasinvest Real Estate SCA,,EURONEXT,Equity REIT,"Office, Retail, Industrial",Belgium,,,,,1,,,1,,,1,,,
586,WEB,Warehouses Estates Belgium SCA,,EURONEXT,Equity REIT,"Office, Retail, Industrial, Residential",Belgium,,,,,1,,,1,1,,1,,,
578,XIOR,Xior Student Housing NV REIT,,EURONEXT,Equity REIT,Residential,Belgium,,,,,,,,,1,,,,,
579,HOMI,Home Invest Belgium S.A.,,EURONEXT,Equity REIT,Residential,Belgium,,,,,,,,,1,,,,,
571,RET,Retail Estates REIT NV,,EURONEXT,Equity REIT,Retail,Belgium,,,,,,,,,,,1,,,
581,ASC,Ascencio REIT SCA,,EURONEXT,Equity REIT,Retail,Belgium,,,,,,,,,,,1,,,
584,QRF,Qrf City Retail REIT,,EURONEXT,Equity REIT,Retail,Belgium,,,,,,,,,,,1,,,
585,VASTB,Vastned Retail Belgium REIT,,EURONEXT,Equity REIT,Retail,Belgium,,,,,,,,,,,1,,,
288,BCFF11,BTG Pactual - Fundo de Investimento Imobiliario (FII) - BC Fundo de Fundos Imobili??rios,,BMFBOVESPA,Equity REIT,Diversified,Brazil,,1,,,,,,,,,,,,
291,BTCR11,BTG Pactual - Fundo de Investimento Imobiliario (FII) - BTG Pactual Cr??dito Imobili??rio,,BMFBOVESPA,Equity REIT,Diversified,Brazil,,1,,,,,,,,,,,,
306,RBCB11,Rio Bravo - Fundo de Investimento Imobiliario (FII) - Rio Bravo Cr??dito Imobili??rio I,,BMFBOVESPA,Equity REIT,Diversified,Brazil,,1,,,,,,,,,,,,
307,RBVO11,Rio Bravo - Fundo de Investimento Imobiliario (FII) - Rio Bravo Cr??dito Imobili??rio II,,BMFBOVESPA,Equity REIT,Diversified,Brazil,,1,,,,,,,,,,,,
311,SFND11,Rio Bravo - Fundo de Investimento Imobiliario (FII) - S??o Fernando,,BMFBOVESPA,Equity REIT,Diversified,Brazil,,1,,,,,,,,,,,,
617,IRDM11,BTG Pactual - Fundo de Investimento Imobiliario (FII) - Iridium Receb??veis Imobili??rios,,BMFBOVESPA,Equity REIT,Diversified,Brazil,,1,,,,,,,,,,,,
620,MGFF11,BTG Pactual - Fundo de Investimento Imobiliario (FII) - Mogno Fundo de Fundos,,BMFBOVESPA,Equity REIT,Diversified,Brazil,,1,,,,,,,,,,,,
621,NCHB11,BTG Pactual - Fundo de Investimento Imobiliario (FII) - NCH Brasil Receb??veis Imobili??rios,,BMFBOVESPA,Equity REIT,Diversified,Brazil,,1,,,,,,,,,,,,
624,RBRF11,BTG Pactual - Fundo de Investimento Imobiliario (FII) - RBR Alpha Fundo de Fundos,,BMFBOVESPA,Equity REIT,Diversified,Brazil,,1,,,,,,,,,,,,
625,RBRR11,BTG Pactual - Fundo de Investimento Imobiliario (FII) - RBR Rendimentos High Grade,,BMFBOVESPA,Equity REIT,Diversified,Brazil,,1,,,,,,,,,,,,
630,VGIR11,BTG Pactual - Fundo de Investimento Imobiliario (FII) - VALORA RE III,,BMFBOVESPA,Equity REIT,Diversified,Brazil,,1,,,,,,,,,,,,
638,LATR11B,Oliveira Trust - Fundo de Investimento Imobiliario (FII) - Lateres,,BMFBOVESPA,Equity REIT,Diversified,Brazil,,1,,,,,,,,,,,,
639,PLRI11,Oliveira Trust - Fundo de Investimento Imobiliario (FII) - Polo,,BMFBOVESPA,Equity REIT,Diversified,Brazil,,1,,,,,,,,,,,,
640,PORD11,Oliveira Trust - Fundo de Investimento Imobiliario (FII) - Polo CRI,,BMFBOVESPA,Equity REIT,Diversified,Brazil,,1,,,,,,,,,,,,
641,PRSN11B,Oliveira Trust - Fundo de Investimento Imobiliario (FII) - Personale I,,BMFBOVESPA,Equity REIT,Diversified,Brazil,,1,,,,,,,,,,,,
642,RBDS11,Oliveira Trust - Fundo de Investimento Imobiliario (FII) - RB Capital Desenvolvimento Residencial II,,BMFBOVESPA,Equity REIT,Diversified,Brazil,,1,,,,,,,,,,,,
644,RBTS11,Oliveira Trust - RB Capital TFO Situs - Fundo de Investimento Imobiliario (FII),,BMFBOVESPA,Equity REIT,Diversified,Brazil,,1,,,,,,,,,,,,
645,RCRI11,Oliveira Trust - RB Capital Rendimentos - Fundo de Investimento Imobiliario (FII),,BMFBOVESPA,Equity REIT,Diversified,Brazil,,1,,,,,,,,,,,,
653,RDPD11,Votorantim Asset - Fundo de Investimento Imobiliario (FII) - Fundo BB Renda de Papeis II,,BMFBOVESPA,Equity REIT,Diversified,Brazil,,1,,,,,,,,,,,,
654,RNDP11,Votorantim Asset - Fundo BB Renda de Papeis - Fundo de Investimento Imobiliario (FII),,BMFBOVESPA,Equity REIT,Diversified,Brazil,,1,,,,,,,,,,,,
655,VOTS11,Votorantim Asset - Fundo de Investimento Imobiliario (FII) - Votorantim Securities Master,,BMFBOVESPA,Equity REIT,Diversified,Brazil,,1,,,,,,,,,,,,
660,HGCR11,Credit Suisse - Fundo de Investimento Imobiliario (FII) - CSHG Recebiveis Imobiliarios,,BMFBOVESPA,Equity REIT,Diversified,Brazil,,1,,,,,,,,,,,,
666,CARE11,Planner Corretora - Brazilian Graveyard and Death Care - Fundo de Investimento Imobiliario (FII),,BMFBOVESPA,Equity REIT,Diversified,Brazil,,1,,,,,,,,,,,,
668,JTPR11,Planner Corretora - Fundo de Investimento Imobiliario (FII) - JT PREV Desenvolvimento Habitacional,,BMFBOVESPA,Equity REIT,Diversified,Brazil,,1,,,,,,,,,,,,
669,MFII11,Planner Corretora - Fundo de Investimento Imobiliario (FII) - Merito Desenvolvimento Imobiliario I,,BMFBOVESPA,Equity REIT,Diversified,Brazil,,1,,,,,,,,,,,,
670,NPAR11,Planner Corretora - Fundo de Investimento Imobiliario (FII) - NESTPAR,,BMFBOVESPA,Equity REIT,Diversified,Brazil,,1,,,,,,,,,,,,
671,ORPD11,Planner Corretora - Ouro Preto Desenvolvimento Imobiliario - Fundo de Investimento Imobiliario (FII),,BMFBOVESPA,Equity REIT,Diversified,Brazil,,1,,,,,,,,,,,,
672,RBRP11,Planner Corretora - Fundo de Investimento Imobiliario (FII) - RBR Properties FII,,BMFBOVESPA,Equity REIT,Diversified,Brazil,,1,,,,,,,,,,,,
674,KFOF11,Intrag DTVM - Fundo de Investimento Imobiliario (FII) - Kinea Fundo de Fundos,,BMFBOVESPA,Equity REIT,Diversified,Brazil,,1,,,,,,,,,,,,
675,KNHY11,Intrag DTVM - Kinea High Yield CRI - Fundo de Investimento Imobiliario (FII),,BMFBOVESPA,Equity REIT,Diversified,Brazil,,1,,,,,,,,,,,,
676,KINP11,Intrag DTVM - Fundo de Investimento Imobiliario (FII) - Even Permuta Kinea,,BMFBOVESPA,Equity REIT,Diversified,Brazil,,1,,,,,,,,,,,,
677,KNCR11,Intrag DTVM - Kinea Rendimentos Imobiliarios FII - Fundo de Investimento Imobiliario (FII),,BMFBOVESPA,Equity REIT,Diversified,Brazil,,1,,,,,,,,,,,,
678,KNIP11,Intrag DTVM - Kinea Indices de Pre??os - Fundo de Investimento Imobiliario (FII),,BMFBOVESPA,Equity REIT,Diversified,Brazil,,1,,,,,,,,,,,,
679,KNRE11,Intrag DTVM - Fundo de Investimento Imobiliario (FII) - Kinea II Real Estate Equity,,BMFBOVESPA,Equity REIT,Diversified,Brazil,,1,,,,,,,,,,,,
682,FOFT11,Hedge Investments - Fundo de Investimento Imobiliario (FII) - Hedge TOP FOFII 2,,BMFBOVESPA,Equity REIT,Diversified,Brazil,,1,,,,,,,,,,,,
683,HFOF11,Hedge Investments - Fundo de Investimento Imobiliario (FII) - Hedge TOP FOFII 3,,BMFBOVESPA,Equity REIT,Diversified,Brazil,,1,,,,,,,,,,,,
686,TFOF11,Hedge Investments - Hedge TOP FOFII - Fundo de Investimento Imobiliario (FII),,BMFBOVESPA,Equity REIT,Diversified,Brazil,,1,,,,,,,,,,,,
688,CXRI11,Caixa Economica Federal - Fundo de Investimento Imobiliario (FII) - Caixa Rio Bravo Fundo de Fundos,,BMFBOVESPA,Equity REIT,Diversified,Brazil,,1,,,,,,,,,,,,
690,RBBV11,Caixa Economica Federal - Fundo de Investimento Imobiliario (FII) - JHSF Rio Bravo Fazenda Boa Vista,,BMFBOVESPA,Equity REIT,Diversified,Brazil,,1,,,,,,,,,,,,
696,BCIA11,Banco Bradesco - Fundo de Investimento Imobiliario (FII) - Bradesco Carteira Imobili??ria Ativa,,BMFBOVESPA,Equity REIT,Diversified,Brazil,,1,,,,,,,,,,,,
697,MXRF11,Banco Bradesco - Fundo de Investimento Imobiliario (FII) - Maxi Renda,,BMFBOVESPA,Equity REIT,Diversified,Brazil,,1,,,,,,,,,,,,
698,BCRI11,Banco Fator - Fundo de Investimento Imobiliario (FII) - Banestes Recebiveis Imobiliarios,,BMFBOVESPA,Equity REIT,Diversified,Brazil,,1,,,,,,,,,,,,
699,FIXX11,Banco Fator - Fator IFIX - Fundo de Investimento Imobiliario (FII),,BMFBOVESPA,Equity REIT,Diversified,Brazil,,1,,,,,,,,,,,,
700,VRTA11,Banco Fator - Fundo de Investimento Imobiliario (FII) - Fator Verita,,BMFBOVESPA,Equity REIT,Diversified,Brazil,,1,,,,,,,,,,,,
701,JPPC11,Banco Finaxis - Fundo de Investimento Imobiliario (FII) - JPP Capital,,BMFBOVESPA,Equity REIT,Diversified,Brazil,,1,,,,,,,,,,,,
703,BJRC11,Banco J. Safra - Fundo de Investimento Imobiliario (FII) - JS Real Estate Recebiveis Imobiliarios,,BMFBOVESPA,Equity REIT,Diversified,Brazil,,1,,,,,,,,,,,,
704,JSIM11,Banco J. Safra - Fundo de Investimento Imobiliario (FII) - JS Real Estate Renda Imobiliaria,,BMFBOVESPA,Equity REIT,Diversified,Brazil,,1,,,,,,,,,,,,
706,HBTT11,Vortx DTVM - Fundo de Investimento Imobiliario (FII) - Habitat I,,BMFBOVESPA,Equity REIT,Diversified,Brazil,,1,,,,,,,,,,,,
707,TGAR11,Vortx DTVM - Fundo de Investimento Imobiliario (FII) - TG Ativo Real,,BMFBOVESPA,Equity REIT,Diversified,Brazil,,1,,,,,,,,,,,,
713,SPAF11,Gera????o Futuro - Fundo de Investimento Imobiliario (FII) - Spa,,BMFBOVESPA,Equity REIT,Diversified,Brazil,,1,,,,,,,,,,,,
715,OUJP11,Banco Finaxis - Fundo de Investimento Imobiliario (FII) - Ourinvest JPP,,BMFBOVESPA,Equity REIT,Diversified,Brazil,,1,,,,,,,,,,,,
716,AQLL11,Foco DTVM - Fundo de Investimento Imobiliario (FII) - Aquilla,,BMFBOVESPA,Equity REIT,Diversified,Brazil,,1,,,,,,,,,,,,
717,ARFI11B,Foco DTVM - Fundo de Investimento Imobiliario (FII) - AQ3 Renda,,BMFBOVESPA,Equity REIT,Diversified,Brazil,,1,,,,,,,,,,,,
718,BZLI11,Foco DTVM - Fundo de Investimento Imobiliario (FII) - BRAZIL REALTY,,BMFBOVESPA,Equity REIT,Diversified,Brazil,,1,,,,,,,,,,,,
719,FISD11,Foco DTVM - Fundo de Investimento Imobiliario (FII) - S??o Domingos,,BMFBOVESPA,Equity REIT,Diversified,Brazil,,1,,,,,,,,,,,,
720,RBAG11,CitiBank DTVM - Fundo de Investimento Imobiliario (FII) - RB Capital Agre,,BMFBOVESPA,Equity REIT,Diversified,Brazil,,1,,,,,,,,,,,,
721,RBPD11,CitiBank DTVM - Fundo de Investimento Imobiliario (FII) - RB Capital Prime Realty II,,BMFBOVESPA,Equity REIT,Diversified,Brazil,,1,,,,,,,,,,,,
722,RBPR11,CitiBank DTVM - Fundo de Investimento Imobiliario (FII) - RB Capital Prime Realty I,,BMFBOVESPA,Equity REIT,Diversified,Brazil,,1,,,,,,,,,,,,
723,WMRB11B,CitiBank DTVM - Fundo de Investimento Imobiliario (FII) - WM RB Capital,,BMFBOVESPA,Equity REIT,Diversified,Brazil,,1,,,,,,,,,,,,
724,XPGA11,CitiBank DTVM - Fundo de Investimento Imobiliario (FII) - XP Receb??veis,,BMFBOVESPA,Equity REIT,Diversified,Brazil,,1,,,,,,,,,,,,
725,CPTS11B,BNY Mellon - Fundo de Investimento Imobiliario (FII) - Capit??nia,,BMFBOVESPA,Equity REIT,Diversified,Brazil,,1,,,,,,,,,,,,
727,REIT11,BNY Mellon - Fundo de Investimento Imobiliario (FII) - SOCOPA FII,,BMFBOVESPA,Equity REIT,Diversified,Brazil,,1,,,,,,,,,,,,
729,UBSR11,BRL Trust - Fundo de Investimento Imobiliario (FII) - UBS BR Receb??veis,,BMFBOVESPA,Equity REIT,Diversified,Brazil,,1,,,,,,,,,,,,
730,VISC11,BRL Trust - Fundo de Investimento Imobiliario (FII) - Vinci Shopping Centers,,BMFBOVESPA,Equity REIT,Diversified,Brazil,,1,,,,,,,,,,,,
731,STFI11,Santander - Fundo de Investimento Imobiliario (FII) - Santander Receb??veis Imobili??rios,,BMFBOVESPA,Equity REIT,Diversified,Brazil,,1,,,,,,,,,,,,
735,BPFF11,Genial Investimentos - Fundo de Investimento Imobiliario (FII) - Brasil Plural Absoluto Fundo de Fundos,,BMFBOVESPA,Equity REIT,Diversified,Brazil,,1,,,,,,,,,,,,
740,PABY11,BRKB DTVM - Fundo de Investimento Imobiliario (FII) - Panamby,,BMFBOVESPA,Equity REIT,Diversified,Brazil,,1,,,,,,,,,,,,
745,OUCY11,Banco Ourinvest S.A. - Fundo de Investimento Imobiliario (FII) - OURINVEST CYRELA,,BMFBOVESPA,Equity REIT,Diversified,Brazil,,1,,,,,,,,,,,,
750,BBIM11,Banco do Brasil - Gestao de Recursos DTVM - Fundo de Investimento Imobiliario (FII) -BB Receb??veis Imobili??rios,,BMFBOVESPA,Equity REIT,Diversified,Brazil,,1,,,,,,,,,,,,
325,HUSC11,Rio Bravo - Fundo de Investimento Imobiliario (FII) - Hospital Unimed Sul Capixaba,,BMFBOVESPA,Equity REIT,Health Care,Brazil,,,1,,,,,,,,,,,
712,NVHO11,Gera????o Futuro - Fundo de Investimento Imobiliario (FII) - Novo Horizonte,,BMFBOVESPA,Equity REIT,Health Care,Brazil,,,1,,,,,,,,,,,
609,HTMX11,BTG Pactual - Fundo de Investimento Imobiliario (FII) - Hotel Maxinvest,,BMFBOVESPA,Equity REIT,Hotel,Brazil,,,,1,,,,,,,,,,
622,NSLU11,BTG Pactual - Fundo de Investimento Imobiliario (FII) - Hospital Nossa Senhora de Lourdes,,BMFBOVESPA,Equity REIT,Hotel,Brazil,,,,1,,,,,,,,,,
736,BRHT11B,Elite CCVM - Fundo de Investimento Imobiliario (FII) - BR Hoteis,,BMFBOVESPA,Equity REIT,Hotel,Brazil,,,,1,,,,,,,,,,
302,GWIC11,BTG Pactual - Fundo de Investimento Imobiliario (FII) - GWI Condom??nios Log??sticos,,BMFBOVESPA,Equity REIT,Industrial,Brazil,,,,,1,,,,,,,,,
303,HCRI11,BTG Pactual - Fundo de Investimento Imobiliario (FII) - Hospital da Crian??a,,BMFBOVESPA,Equity REIT,Industrial,Brazil,,,,,1,,,,,,,,,
310,SDIL11,Rio Bravo - Fundo de Investimento Imobiliario (FII) - SDI Rio Bravo Renda Log??stica,,BMFBOVESPA,Equity REIT,Industrial,Brazil,,,,,1,,,,,,,,,
484,ALZR11,BTG Pactual - Fundo de Investimento Imobiliario (FII) - Alianza Trust Renda Imobili??ria,,BMFBOVESPA,Equity REIT,Industrial,Brazil,,,,,1,,,,,,,,,
635,FIIP11B,Oliveira Trust - Fundo de Investimento Imobiliario (FII) - RB Capital Renda I,,BMFBOVESPA,Equity REIT,Industrial,Brazil,,,,,1,,,,,,,,,
637,GESE11,Oliveira Trust - General Severiano - Fundo de Investimento Imobiliario (FII),,BMFBOVESPA,Equity REIT,Industrial,Brazil,,,,,1,,,,,,,,,
646,TRXL11,Oliveira Trust - Fundo de Investimento Imobiliario (FII) - TRX Realty Log??stica Renda I,,BMFBOVESPA,Equity REIT,Industrial,Brazil,,,,,1,,,,,,,,,
657,VTLT11,Votorantim Asset - Fundo de Investimento Imobiliario (FII) - Votorantim Log??stica,,BMFBOVESPA,Equity REIT,Industrial,Brazil,,,,,1,,,,,,,,,
659,GRLV11,Credit Suisse - Fundo de Investimento Imobiliario (FII) - CSHG GR Louveira,,BMFBOVESPA,Equity REIT,Industrial,Brazil,,,,,1,,,,,,,,,
662,HGLG11,Credit Suisse - Fundo de Investimento Imobiliario (FII) - CSHG Logistica,,BMFBOVESPA,Equity REIT,Industrial,Brazil,,,,,1,,,,,,,,,
667,FINF11,Planner Corretora - Fundo de Investimento Imobiliario (FII) - Infra Real Estate,,BMFBOVESPA,Equity REIT,Industrial,Brazil,,,,,1,,,,,,,,,
689,CXTL11,Caixa Economica Federal - Fundo de Investimento Imobiliario (FII) - Caixa TRX Log??stica Renda,,BMFBOVESPA,Equity REIT,Industrial,Brazil,,,,,1,,,,,,,,,
691,EURO11,Coinvalores CCVM - Fundo de Investimento Imobiliario (FII) - Europar,,BMFBOVESPA,Equity REIT,Industrial,Brazil,,,,,1,,,,,,,,,
692,FIIB11,Coinvalores CCVM - Fundo de Investimento Imobiliario (FII) - Industrial do Brasil,,BMFBOVESPA,Equity REIT,Industrial,Brazil,,,,,1,,,,,,,,,
708,XPIN11,Vortx DTVM - Fundo de Investimento Imobiliario (FII) - XP Industrial,,BMFBOVESPA,Equity REIT,Industrial,Brazil,,,,,1,,,,,,,,,
709,XPLG11,Vortx DTVM - Fundo de Investimento Imobiliario (FII) - XP Log??stica,,BMFBOVESPA,Equity REIT,Industrial,Brazil,,,,,1,,,,,,,,,
728,NVIF11B,BRL Trust - Fundo de Investimento Imobiliario (FII) - Nova I,,BMFBOVESPA,Equity REIT,Industrial,Brazil,,,,,1,,,,,,,,,
738,GGRC11,CM Capital Markets - Fundo de Investimento Imobiliario (FII) - GGR COVEPI,,BMFBOVESPA,Equity REIT,Industrial,Brazil,,,,,1,,,,,,,,,
289,BMLC11B,BTG Pactual - Fundo de Investimento Imobiliario (FII) - BM Brascan Lajes Corporativas,,BMFBOVESPA,Equity REIT,Office,Brazil,,,,,,,,1,,,,,,
290,BRCR11,BTG Pactual - Fundo de Investimento Imobiliario (FII) - BTG Pactual Corporate Office Fund,,BMFBOVESPA,Equity REIT,Office,Brazil,,,,,,,,1,,,,,,
292,CEOC11,BTG Pactual - Fundo de Investimento Imobiliario (FII) - CEO Cyrela Commercial Properties,,BMFBOVESPA,Equity REIT,Office,Brazil,,,,,,,,1,,,,,,
293,CNES11,BTG Pactual - Fundo de Investimento Imobiliario (FII) - BM Cenesp,,BMFBOVESPA,Equity REIT,Office,Brazil,,,,,,,,1,,,,,,
294,EDGA11,BTG Pactual - Fundo de Investimento Imobiliario (FII) - Edif??cio Galeria,,BMFBOVESPA,Equity REIT,Office,Brazil,,,,,,,,1,,,,,,
296,FAMB11B,BTG Pactual - Fundo de Investimento Imobiliario (FII) - Edif??cio Almirante Barroso,,BMFBOVESPA,Equity REIT,Office,Brazil,,,,,,,,1,,,,,,
297,FCAS11,BTG Pactual - Fundo de Investimento Imobiliario (FII) - Edif??cio Castelo,,BMFBOVESPA,Equity REIT,Office,Brazil,,,,,,,,1,,,,,,
301,FVBI11,BTG Pactual - Fundo de Investimento Imobiliario (FII) - Fundo VBI FL 4440,,BMFBOVESPA,Equity REIT,Office,Brazil,,,,,,,,1,,,,,,
305,ONEF11,Rio Bravo - Fundo de Investimento Imobiliario (FII) - The One,,BMFBOVESPA,Equity REIT,Office,Brazil,,,,,,,,1,,,,,,
308,RNGO11,Rio Bravo - Fundo de Investimento Imobiliario (FII) - Rio Negro,,BMFBOVESPA,Equity REIT,Office,Brazil,,,,,,,,1,,,,,,
314,XPCM11,Rio Bravo - Fundo de Investimento Imobiliario (FII) - XP Corporate Maca??,,BMFBOVESPA,Equity REIT,Office,Brazil,,,,,,,,1,,,,,,
318,BMII11,Rio Bravo - Fundo de Investimento Imobiliario (FII) - Brasilio Machado,,BMFBOVESPA,Equity REIT,Office,Brazil,,,,,,,,1,,,,,,
319,BVAR11,Rio Bravo - Fundo de Investimento Imobiliario (FII) - Brasil Varejo,,BMFBOVESPA,Equity REIT,Office,Brazil,,,,,,,,1,,,,,,
320,CTXT11,Rio Bravo - Fundo de Investimento Imobiliario (FII) - Centro T??xtil Internacional,,BMFBOVESPA,Equity REIT,Office,Brazil,,,,,,,,1,,,,,,
321,DRIT11B,Rio Bravo - Fundo de Investimento Imobiliario (FII) - Multigest??o Renda Comercial,,BMFBOVESPA,Equity REIT,Office,Brazil,,,,,,,,1,,,,,,
323,FFCI11,Rio Bravo - Fundo de Investimento Imobiliario (FII) - Renda Corporativa,,BMFBOVESPA,Equity REIT,Office,Brazil,,,,,,,,1,,,,,,
483,ALMI11,BTG Pactual - Fundo de Investimento Imobiliario (FII) - Torre Almirante,,BMFBOVESPA,Equity REIT,Office,Brazil,,,,,,,,1,,,,,,
627,TBOF11,BTG Pactual - Fundo de Investimento Imobiliario (FII) - TB Office,,BMFBOVESPA,Equity REIT,Office,Brazil,,,,,,,,1,,,,,,
628,THRA11,BTG Pactual - Fundo de Investimento Imobiliario (FII) - BM Cyrela Thera Corporate,,BMFBOVESPA,Equity REIT,Office,Brazil,,,,,,,,1,,,,,,
629,TRNT11,BTG Pactual - Fundo de Investimento Imobiliario (FII) - Torre Norte,,BMFBOVESPA,Equity REIT,Office,Brazil,,,,,,,,1,,,,,,
633,XTED11,BTG Pactual - Fundo de Investimento Imobiliario (FII) - TRX Edif??cios Corporativos,,BMFBOVESPA,Equity REIT,Office,Brazil,,,,,,,,1,,,,,,
634,EDFO11B,Oliveira Trust - Fundo de Investimento Imobiliario (FII) - Edificio Ourinvest,,BMFBOVESPA,Equity REIT,Office,Brazil,,,,,,,,1,,,,,,
647,VLOL11,Oliveira Trust - Fundo de Investimento Imobiliario (FII) - Vila Ol??mpia Corporate,,BMFBOVESPA,Equity REIT,Office,Brazil,,,,,,,,1,,,,,,
650,BBVJ11,Votorantim Asset - Fundo de Investimento Imobiliario (FII) - BB Votorantim Cidade Jardim Continental Tower,,BMFBOVESPA,Equity REIT,Office,Brazil,,,,,,,,1,,,,,,
651,RBRD11,Votorantim Asset - Fundo de Investimento Imobiliario (FII) - RB Capital Renda II,,BMFBOVESPA,Equity REIT,Office,Brazil,,,,,,,,1,,,,,,
652,RDES11,Votorantim Asset - Renda de Escrit??rios - Fundo de Investimento Imobiliario (FII),,BMFBOVESPA,Equity REIT,Office,Brazil,,,,,,,,1,,,,,,
658,CBOP11,Credit Suisse - Fundo de Investimento Imobiliario (FII) - Castello Branco Office Park,,BMFBOVESPA,Equity REIT,Office,Brazil,,,,,,,,1,,,,,,
661,HGJH11,Credit Suisse - Fundo de Investimento Imobiliario (FII) - CSHG JHSF Prime Offices,,BMFBOVESPA,Equity REIT,Office,Brazil,,,,,,,,1,,,,,,
663,HGRE11,Credit Suisse - Fundo de Investimento Imobiliario (FII) - CSHG Real Estate,,BMFBOVESPA,Equity REIT,Office,Brazil,,,,,,,,1,,,,,,
664,HGRU11,Credit Suisse - Fundo de Investimento Imobiliario (FII) - CSHG Renda Urbana,,BMFBOVESPA,Equity REIT,Office,Brazil,,,,,,,,1,,,,,,
673,VLJS11,Planner Corretora - Fundo de Investimento Imobiliario (FII) - Vector Queluz Lajes Corporativas,,BMFBOVESPA,Equity REIT,Office,Brazil,,,,,,,,1,,,,,,
680,KNRI11,Intrag DTVM - Kinea Renda Imobiliaria - Fundo de Investimento Imobiliario (FII),,BMFBOVESPA,Equity REIT,Office,Brazil,,,,,,,,1,,,,,,
685,HMOC11,Hedge Investments - Fundo de Investimento Imobiliario (FII) - Hedge Shopping Pra??a da Mo??a,,BMFBOVESPA,Equity REIT,Office,Brazil,,,,,,,,1,,,,,,
687,CXCE11B,Caixa Economica Federal - Fundo de Investimento Imobiliario (FII) - Caixa Cedae,,BMFBOVESPA,Equity REIT,Office,Brazil,,,,,,,,1,,,,,,
693,FMOF11,Coinvalores CCVM - Fundo de Investimento Imobiliario (FII) - Memorial Office,,BMFBOVESPA,Equity REIT,Office,Brazil,,,,,,,,1,,,,,,
694,FPAB11,Coinvalores CCVM - Fundo de Investimento Imobiliario (FII) - Projeto Agua Branca,,BMFBOVESPA,Equity REIT,Office,Brazil,,,,,,,,1,,,,,,
702,TSNC11,Banco Finaxis - Fundo de Investimento Imobiliario (FII) - Transinc,,BMFBOVESPA,Equity REIT,Office,Brazil,,,,,,,,1,,,,,,
705,JSRE11,Banco J. Safra - Fundo de Investimento Imobiliario (FII) - JS Real Estate Multigestao,,BMFBOVESPA,Equity REIT,Office,Brazil,,,,,,,,1,,,,,,
714,SPTW11,Gera????o Futuro - Fundo de Investimento Imobiliario (FII) - SP Downtown,,BMFBOVESPA,Equity REIT,Office,Brazil,,,,,,,,1,,,,,,
726,DOVL11B,BNY Mellon - Fundo de Investimento Imobiliario (FII) - Dovel,,BMFBOVESPA,Equity REIT,Office,Brazil,,,,,,,,1,,,,,,
733,PATC11,Modal DTVM - Fundo de Investimento Imobiliario (FII) - P??tria Edif??cios Corporativos,,BMFBOVESPA,Equity REIT,Office,Brazil,,,,,,,,1,,,,,,
737,DOMC11,CM Capital Markets - Fundo de Investimento Imobiliario (FII) - REAG Renda Imobili??ria,,BMFBOVESPA,Equity REIT,Office,Brazil,,,,,,,,1,,,,,,
739,SAIC11B,BRB DTVM - Fundo de Investimento Imobiliario (FII) - SIA Corporate,,BMFBOVESPA,Equity REIT,Office,Brazil,,,,,,,,1,,,,,,
741,FLMA11,Unitas BR-Capital DTVM - Fundo de Investimento Imobiliario (FII) - Square Faria Lima,,BMFBOVESPA,Equity REIT,Office,Brazil,,,,,,,,1,,,,,,
742,FPNG11,Unitas BR-Capital DTVM - Fundo de Investimento Imobiliario (FII) - Pedra Negra Renda Imobili??ria,,BMFBOVESPA,Equity REIT,Office,Brazil,,,,,,,,1,,,,,,
746,WTSP11B,Banco Ourinvest S.A. - Fundo de Investimento Imobiliario (FII) - Ourinvest RE I,,BMFBOVESPA,Equity REIT,Office,Brazil,,,,,,,,1,,,,,,
748,PRSV11,BEM DTVM - Fundo de Investimento Imobiliario (FII) - Presidente Vargas,,BMFBOVESPA,Equity REIT,Office,Brazil,,,,,,,,1,,,,,,
749,FTCE11B,Banco Opportunity - Fundo de Investimento Imobiliario (FII) - Opportunity,,BMFBOVESPA,Equity REIT,Office,Brazil,,,,,,,,1,,,,,,
317,AGCX11,Rio Bravo - Fundo de Investimento Imobiliario (FII) - Renda Varejo,,BMFBOVESPA,Equity REIT,"Office, Retail",Brazil,,,,,,,,1,,,1,,,
298,BNFS11,Oliveira Trust - Fundo de Investimento Imobiliario (FII) - Banrisul Novas Fronteiras,,BMFBOVESPA,Equity REIT,Retail,Brazil,,,,,,,,,,,1,,,
300,FEXC11,BTG Pactual - Fundo de Investimento Imobiliario (FII) - BTG Pactual Fundo de CRI,,BMFBOVESPA,Equity REIT,Retail,Brazil,,,,,,,,,,,1,,,
304,MBRF11,Rio Bravo - Fundo de Investimento Imobiliario (FII) - Mercantil do Brasil,,BMFBOVESPA,Equity REIT,Retail,Brazil,,,,,,,,,,,1,,,
309,SAAG11,Rio Bravo - Fundo de Investimento Imobiliario (FII) - Santander Ag??ncias,,BMFBOVESPA,Equity REIT,Retail,Brazil,,,,,,,,,,,1,,,
312,SHPH11,Rio Bravo - Fundo de Investimento Imobiliario (FII) - Shopping P??tio Higien??polis,,BMFBOVESPA,Equity REIT,Retail,Brazil,,,,,,,,,,,1,,,
313,VERE11,Rio Bravo - Fundo de Investimento Imobiliario (FII) - Vereda,,BMFBOVESPA,Equity REIT,Retail,Brazil,,,,,,,,,,,1,,,
315,ABCP11,Rio Bravo - Fundo de Investimento Imobiliario (FII) Grand Plaza Shopping,,BMFBOVESPA,Equity REIT,Retail,Brazil,,,,,,,,,,,1,,,
322,ELDO11B,Rio Bravo - Fundo de Investimento Imobiliario (FII) - Eldorado,,BMFBOVESPA,Equity REIT,Retail,Brazil,,,,,,,,,,,1,,,
324,FVPQ11,Rio Bravo - Fundo de Investimento Imobiliario (FII) - Via Parque,,BMFBOVESPA,Equity REIT,Retail,Brazil,,,,,,,,,,,1,,,
618,JRDM11,BTG Pactual - Fundo de Investimento Imobiliario (FII) - Shopping Jardim Sul,,BMFBOVESPA,Equity REIT,Retail,Brazil,,,,,,,,,,,1,,,
619,MAXR11,BTG Pactual - Fundo de Investimento Imobiliario (FII) - Max Retail,,BMFBOVESPA,Equity REIT,Retail,Brazil,,,,,,,,,,,1,,,
623,PQDP11,BTG Pactual - Fundo de Investimento Imobiliario (FII) - Parque Dom Pedro Shopping Center,,BMFBOVESPA,Equity REIT,Retail,Brazil,,,,,,,,,,,1,,,
626,SHDP11B,BTG Pactual - Fundo de Investimento Imobiliario (FII) - Shopping Parque Dom Pedro,,BMFBOVESPA,Equity REIT,Retail,Brazil,,,,,,,,,,,1,,,
631,WPLZ11,BTG Pactual - Fundo de Investimento Imobiliario (FII) - West Plaza,,BMFBOVESPA,Equity REIT,Retail,Brazil,,,,,,,,,,,1,,,
632,XPML11,BTG Pactual - Fundo de Investimento Imobiliario (FII) - XP Malls,,BMFBOVESPA,Equity REIT,Retail,Brazil,,,,,,,,,,,1,,,
636,FIVN11,Oliveira Trust - Fundo de Investimento Imobiliario (FII) - Vida Nova,,BMFBOVESPA,Equity REIT,Retail,Brazil,,,,,,,,,,,1,,,
643,RBGS11,Oliveira Trust - Fundo de Investimento Imobiliario (FII) - RB Capital General Shopping Sulacap,,BMFBOVESPA,Equity REIT,Retail,Brazil,,,,,,,,,,,1,,,
648,BBPO11,Votorantim Asset - BB Progressivo II - Fundo de Investimento Imobiliario (FII),,BMFBOVESPA,Equity REIT,Retail,Brazil,,,,,,,,,,,1,,,
649,BBRC11,Votorantim Asset - Fundo de Investimento Imobiliario (FII) - BB Renda Corporativa,,BMFBOVESPA,Equity REIT,Retail,Brazil,,,,,,,,,,,1,,,
656,VPSI11,Votorantim Asset - Fundo de Investimento Imobiliario (FII) - Polo Shopping Indaiatuba,,BMFBOVESPA,Equity REIT,Retail,Brazil,,,,,,,,,,,1,,,
665,RCCS11,Credit Suisse - Fundo de Investimento Imobiliario (FII) - REP 1 CCS,,BMFBOVESPA,Equity REIT,Retail,Brazil,,,,,,,,,,,1,,,
681,ATSA11,Hedge Investments - Fundo de Investimento Imobiliario (FII) - Hedge Atrium Shopping Santo Andre,,BMFBOVESPA,Equity REIT,Retail,Brazil,,,,,,,,,,,1,,,
684,HGBS11,Hedge Investments - CSHG Brasil Shopping - Fundo de Investimento Imobiliario (FII),,BMFBOVESPA,Equity REIT,Retail,Brazil,,,,,,,,,,,1,,,
695,BBFI11B,BTG Pactual - Fundo de Investimento Imobiliario (FII) - BB Progresivo,,BMFBOVESPA,Equity REIT,Retail,Brazil,,,,,,,,,,,1,,,
710,ANCR11B,Gera????o Futuro - Fundo de Investimento Imobiliario (FII) - Ancar IC,,BMFBOVESPA,Equity REIT,Retail,Brazil,,,,,,,,,,,1,,,
711,MALL11,Gera????o Futuro - Fundo de Investimento Imobiliario (FII) - Malls Brasil Plural,,BMFBOVESPA,Equity REIT,Retail,Brazil,,,,,,,,,,,1,,,
732,FIGS11,SOCOPA - Fundo de Investimento Imobiliario (FII) - General Shopping Ativo e Renda,,BMFBOVESPA,Equity REIT,Retail,Brazil,,,,,,,,,,,1,,,
734,SHOP11,Modal DTVM - Fundo de Investimento Imobiliario (FII) - Multi Shoppings,,BMFBOVESPA,Equity REIT,Retail,Brazil,,,,,,,,,,,1,,,
743,SCPF11,Unitas BR-Capital DTVM - Fundo de Investimento Imobiliario (FII) - SCP,,BMFBOVESPA,Equity REIT,Retail,Brazil,,,,,,,,,,,1,,,
744,PRTS11,Modal DTVM - Fundo de Investimento Imobiliario (FII) - Multi Properties,,BMFBOVESPA,Equity REIT,Retail,Brazil,,,,,,,,,,,1,,,
747,MSHP11,BEM DTVM - Fundo de Investimento Imobiliario (FII) - Mais Shopping Largo 13,,BMFBOVESPA,Equity REIT,Retail,Brazil,,,,,,,,,,,1,,,
295,FAED11,BTG Pactual - Fundo de Investimento Imobiliario (FII) - Anhanguera Educacional,,BMFBOVESPA,Equity REIT,Specialty,Brazil,,,,,,,,,,,,,,1
299,FCFL11,BTG Pactual - Fundo de Investimento Imobiliario (FII) - Campus Faria Lima,,BMFBOVESPA,Equity REIT,Specialty,Brazil,,,,,,,,,,,,,,1
316,AEFI11,Rio Bravo - Fundo de Investimento Imobiliario (FII) - AESPAR,,BMFBOVESPA,Equity REIT,Specialty,Brazil,,,,,,,,,,,,,,1
351,BBU.UN,Brookfield Business Partners LP,,TSX,Equity REIT,Diversified,Canada,,1,,,,,,,,,,,,
348,BPY.UN,Brookfield Property Partners LP,,TSX,Equity REIT,"Diversified, Health Care, Hotel, Industrial, Infrastructure, Office, Residential, Self Storage, Specialty",Canada,,1,1,1,1,1,,1,1,,,1,,
349,DRA.UN,Dream Hard Asset Alternatives Trust,,TSX,Equity REIT,"Diversified, Infrastructure, Mortgage, Specialty",Canada,,1,,,,1,1,,,,,,,1
161,CRR.UN,Crombie REIT,,TSX,Equity REIT,"Industrial, Office, Residential, Retail, Diversified",Canada,,1,,,1,,,1,1,,1,,,
153,LRT.UN,Lanesborough REIT,,TSX,Equity REIT,"Residential, Diversified",Canada,,1,,,,,,,1,,,,,
340,CSH.UN,Chartwell Retirement Residences REIT,,TSX,Equity REIT,Health Care,Canada,,,1,,,,,,,,,,,
341,NWH.UN,NorthWest Healthcare Properties REIT,,TSX,Equity REIT,Health Care,Canada,,,1,,,,,,,,,,,
353,IVQ.U,Invesque Inc.,,TSX,Equity REIT,Health Care,Canada,,,1,,,,,,,,,,,
354,DR,Medical Facilities Corporation,,TSX,Equity REIT,Health Care,Canada,,,1,,,,,,,,,,,
414,EXE.UN,Extendicare Inc,,TSX,Equity REIT,Health Care,Canada,,,1,,,,,,,,,,,
416,SIA,Sienna Senior Living Inc.,,TSX,Equity REIT,Health Care,Canada,,,1,,,,,,,,,,,
283,HOT.U,American Hotel Income Properties REIT Inc.,,TSX,Equity REIT,Hotel,Canada,,,,1,,,,,,,,,,
346,HOT.UN,American Hotel Income Properties REIT LP,,TSX,Equity REIT,Hotel,Canada,,,,1,,,,,,,,,,
405,TPH,Temple Hotels Inc,,TSX,Equity REIT,Hotel,Canada,,,,1,,,,,,,,,,
415,HLC,Holloway Lodging Corp.,,TSX,Equity REIT,Hotel,Canada,,,,1,,,,,,,,,,
156,MRT.UN,Morguard REIT,,TSX,Equity REIT,"Hotel, Industrial, Residential, Retail, Office",Canada,,,,1,1,,,1,1,,1,,,
401,WFC,Wall Financial Corporation,,TSX,Equity REIT,"Hotel, Residential",Canada,,,,1,,,,,1,,,,,
167,GRP.U,Granite REIT Inc.,,NYSE,Equity REIT,Industrial,Canada,,,,,1,,,,,,,,,
343,DIR.UN,Dream Industrial REIT,,TSX,Equity REIT,Industrial,Canada,,,,,1,,,,,,,,,
344,GRT.UN,Granite REIT,,TSX,Equity REIT,Industrial,Canada,,,,,1,,,,,,,,,
345,SMU.UN,Summit Industrial Income REIT,,TSX,Equity REIT,Industrial,Canada,,,,,1,,,,,,,,,
406,WIR.U,WPT Industrial Real Estate Investment,,TSX,Equity REIT,Industrial,Canada,,,,,1,,,,,,,,,
154,MWI.UN,Maplewood International REIT,,TSX,Equity REIT,"Industrial, Office",Canada,,,,,1,,,1,,,,,,
404,AAR,Pure Industrial Real Estate Trust,,TSX,Equity REIT,"Industrial, Office",Canada,,,,,1,,,1,,,,,,
155,MR.UN,Melcor REIT,,TSX,Equity REIT,"Industrial, Office, Retail",Canada,,,,,1,,,1,,,1,,,
176,BTB.UN,BTB REIT,,TSX,Equity REIT,"Industrial, Office, Retail",Canada,,,,,1,,,1,,,1,,,
328,SOT.UN,Slate Office REIT,,TSX,Equity REIT,"Industrial, Office, Retail",Canada,,,,,1,,,1,,,1,,,
342,NXR.UN,Nexus Real Estate Investment Trust,,TSX,Equity REIT,"Industrial, Office, Retail",Canada,,,,,1,,,1,,,1,,,
412,MPC,Madison Pacific Properties Inc. Class B,,TSX,Equity REIT,"Industrial, Office, Retail",Canada,,,,,1,,,1,,,1,,,
408,MRD,Melcor Developments Ltd.,,TSX,Equity REIT,"Industrial, Residential, Retail, Office, Specialty",Canada,,,,,1,,,1,1,,1,,,1
177,CUF.UN,Cominar REIT,,TSX,Equity REIT,"Industrial, Retail, Office",Canada,,,,,1,,,1,,,1,,,
284,ACR.UN,Agellan Commercial REIT,,TSX,Equity REIT,"Industrial, Retail, Office",Canada,,,,,1,,,1,,,1,,,
399,REF.UN,Canadian Real Estate Investment Trust,,TSX,Equity REIT,"Industrial, Retail, Office",Canada,,,,,1,,,1,,,1,,,
150,INO.UN,Inovalis REIT,,TSX,Equity REIT,Office,Canada,,,,,,,,1,,,,,,
327,TNT.UN,True North Commercial REIT,,TSX,Equity REIT,Office,Canada,,,,,,,,1,,,,,,
333,AP.UN,Allied Properties REIT,,TSX,Equity REIT,Office,Canada,,,,,,,,1,,,,,,
403,BPO.PR.N,Brookfield Office Properties Inc.,,TSX,Equity REIT,Office,Canada,,,,,,,,1,,,,,,
162,DRG.UN,Dream Global REIT,,TSX,Equity REIT,"Office, Industrial",Canada,,,,,1,,,1,,,,,,
175,AX.UN,Artis REIT,,TSX,Equity REIT,"Office, Retail, Industrial",Canada,,,,,1,,,1,,,1,,,
149,HR.UN,H&R REIT,,TSX,Equity REIT,"Office, Retail, Industrial, Residential",Canada,,,,,1,,,1,1,,1,,,
139,BEI.UN,Boardwalk REIT,,TSX,Equity REIT,Residential,Canada,,,,,,,,,1,,,,,
157,NVU.UN,Northview Apartment REIT,,TSX,Equity REIT,Residential,Canada,,,,,,,,,1,,,,,
335,CAR.UN,Canadian Apartment Properties REIT,,TSX,Equity REIT,Residential,Canada,,,,,,,,,1,,,,,
336,KMP.UN,Killam Apartment REIT,,TSX,Equity REIT,Residential,Canada,,,,,,,,,1,,,,,
337,IIP.UN,InterRent REIT,,TSX,Equity REIT,Residential,Canada,,,,,,,,,1,,,,,
338,MRG.UN,Morguard North American Residential REIT,,TSX,Equity REIT,Residential,Canada,,,,,,,,,1,,,,,
339,RUF.UN,Pure Multi-Family REIT LP,,TSX,Equity REIT,Residential,Canada,,,,,,,,,1,,,,,
365,DIGS,GCP Student Living PLC,,LSE,Equity REIT,Residential,Canada,,,,,,,,,1,,,,,
402,DRM,DREAM Unlimited Corp,,TSX,Equity REIT,Residential,Canada,,,,,,,,,1,,,,,
413,MEQ,Mainstreet Equity Corp.,,TSX,Equity REIT,Residential,Canada,,,,,,,,,1,,,,,
334,D.UN,Dream Office REIT,,TSX,Equity REIT,"Residential, Office, Retail",Canada,,,,,,,,1,1,,1,,,
332,SRU.UN,SmartCentres REIT,,TSX,Equity REIT,"Residential, Retail",Canada,,,,,,,,,1,,1,,,
364,ESP,Empiric Student Property plc,,LSE,Equity REIT,"Residential, Specialty",Canada,,,,,,,,,1,,,,,1
158,PAR.UN,Partners REIT,,TSX,Equity REIT,Retail,Canada,,,,,,,,,,,1,,,
190,GAZ.UN,Fronsac REIT,,TSX,Equity REIT,Retail,Canada,,,,,,,,,,,1,,,
330,REI.UN,RioCan REIT,,TSX,Equity REIT,Retail,Canada,,,,,,,,,,,1,,,
331,PLZ.UN,Plaza Retail REIT,,TSX,Equity REIT,Retail,Canada,,,,,,,,,,,1,,,
347,APR.UN,Automotive Properties REIT,,TSX,Equity REIT,Retail,Canada,,,,,,,,,,,1,,,
350,SRT.UN,Slate Retail REIT,,TSX,Equity REIT,Retail,Canada,,,,,,,,,,,1,,,
400,FCR,First Capital Realty Inc.,,TSX,Equity REIT,Retail,Canada,,,,,,,,,,,1,,,
409,BEK.B,The Becker Milk Co Ltd,,TSX,Equity REIT,Retail,Canada,,,,,,,,,,,1,,,
329,CRT.UN,Canadian Tire (CT) REIT,,TSX,Equity REIT,"Retail, Industrial",Canada,,,,,1,,,,,,1,,,
166,CHP.UN,Choice Properties REIT,,TSX,Equity REIT,"Retail, Industrial, Office",Canada,,,,,1,,,1,,,1,,,
159,PRV.UN,PROREIT,,TSX,Equity REIT,"Retail, Office, Industrial",Canada,,,,,1,,,1,,,1,,,
410,ICE,Canlan Ice Sports Corp.,,TSX,Equity REIT,Specialty,Canada,,,,,,,,,,,,,,1
411,CIGI,Colliers International Group Inc.,5.2,TSX,Equity REIT,Specialty,Canada,,,,,,,,,,,,,,1
761,BRE,Brookfield Real Estate Services Inc,,TSX,,,Canada,,,,,,,,,,,,,,
588,1426,Spring Real Estate Investment Trust,,HKG,Equity REIT,"Office, Residential, Hotel, Hotel",China,,,,1,,,,1,1,,,,,
587,405,Yuexiu Real Estate Investment Trust,,HKG,Equity REIT,"Office, Residential, Retail, Specialty",China,,,,,,,,1,1,,1,,,1
593,ICAD,Icade REIT SA,,EPA,Equity REIT,"Office, Residential, Health Care, Retail, Specialty, Diversified",France,,1,1,,,,,1,1,,1,,,1
592,COV,Covivio,,EPA,Equity REIT,"Hotel, Office, Residential, Health Care",France,,,1,1,,,,1,1,,,,,
590,GFC,Gecina SA,,EPA,Equity REIT,"Office, Residential",France,,,,,,,,1,1,,,,,
589,UL,Unibail-Rodamco SE,,EPA,Equity REIT,"Office, Retail, Specialty",France,,,,,,,,1,,,1,,,1
596,ALTA,Altarea Cogedim SCA,,EPA,Equity REIT,"Residential, Office, Retail",France,,,,,,,,1,1,,1,,,
591,LI,Klepierre REIT SA,,EPA,Equity REIT,Retail,France,,,,,,,,,,,1,,,
594,MERY,Mercialys REIT S.A.,,EPA,Equity REIT,Retail,France,,,,,,,,,,,1,,,
595,CARM,Carmila REIT SA,,EPA,Equity REIT,Retail,France,,,,,,,,,,,1,,,
547,JB7,Deutsche Industrie REIT-AG,,XETRA,Equity REIT,Industrial,Germany,,,,,1,,,,,,,,,
544,AOX,Alstria office REIT,,XETRA,Equity REIT,Office,Germany,,,,,,,,1,,,,,,
543,HAB,HAMBORNER REIT AG,,XETRA,Equity REIT,"Office, Retail",Germany,,,,,,,,1,,,1,,,
545,FVI,Fair Value REIT-AG,,XETRA,Equity REIT,"Office, Retail",Germany,,,,,,,,1,,,1,,,
546,DKG,Deutsche Konsum REIT-AG,,XETRA,Equity REIT,Retail,Germany,,,,,,,,,,,1,,,
755,EMBASSY,Embassy Office Parks REIT,,BSE,Equity REIT,"Industrial, Office",India,,,,,1,,,1,,,,,,
601,HBRN,Hibernia REIT plc,,ISE,Equity REIT,"Industrial, Office, Residential",Ireland,,,,,1,,,1,1,,,,,
600,GN1,Green REIT PLC,,ISE,Equity REIT,"Industrial, Office, Retail",Ireland,,,,,1,,,1,,,1,,,
602,IRES,Irish Residential Properties REIT plc,,ISE,Equity REIT,Residential,Ireland,,,,,,,,,1,,,,,
603,BNS,Beni Stabili SpA SIIQ,,BIT,Equity REIT,"Office, Retail",Italy,,,,,,,,1,,,1,,,
604,IGD,Immobiliare Grande Distribuzion (IDG) SIIQ SpA,,BIT,Equity REIT,"Retail, Office",Italy,,,,,,,,1,,,1,,,
475,8957,Tokyu REIT Inc.,,TSE,Equity REIT,"Diversified, Retail, Office",Japan,,1,,,,,,1,,,1,,,
450,3462,Nomura Real Estate Master Fund Inc,,TSE,Equity REIT,"Industrial, Hotel, Diversified, Office, Residential, Retail",Japan,,1,,1,1,,,1,1,,1,,,
505,3455,Health Care & Medical Investment Corp,,TSE,Equity REIT,Health Care,Japan,,,1,,,,,,,,,,,
465,8963,Invincible Investment Corp,,TSE,Equity REIT,"Health Care, Hotel, Office, Residential, Specialty",Japan,,,1,1,,,,1,1,,,,,1
472,3295,Hulic Reit Inc,,TSE,Equity REIT,"Health Care, Office, Retail, Hotel, Industrial",Japan,,,1,1,1,,,1,,,1,,,
508,3308,Nippon Healthcare Investment Corp,,TSE,Equity REIT,"Health Care, Residential",Japan,,,1,,,,,,1,,,,,
460,8985,Japan Hotel REIT Investment Corp.,,TSE,Equity REIT,Hotel,Japan,,,,1,,,,,,,,,,
493,3478,Mori Trust Hotel Reit Inc,,TSE,Equity REIT,Hotel,Japan,,,,1,,,,,,,,,,
500,3463,Ichigo Hotel REIT Investment Corp,,TSE,Equity REIT,Hotel,Japan,,,,1,,,,,,,,,,
463,3309,Sekisui House Reit Inc,,TSE,Equity REIT,"Hotel, Office, Residential, Retail",Japan,,,,1,,,,1,1,,1,,,
492,8977,Hankyu Reit Inc,,TSE,Equity REIT,"Hotel, Office, Retail",Japan,,,,1,,,,1,,,1,,,
494,3476,Mirai Corp,,TSE,Equity REIT,"Hotel, Office, Retail, Residential, Industrial",Japan,,,,1,1,,,1,1,,1,,,
466,3226,Nippon Accommodations Fund Inc,,TSE,Equity REIT,"Hotel, Residential",Japan,,,,1,,,,,1,,,,,
507,3470,Marimo Regional Revitalization REIT Inc,,TSE,Equity REIT,"Hotel, Residential, Retail, Office",Japan,,,,1,,,,1,1,,1,,,
453,3283,Nippon Prologis REIT Inc.,,TSE,Equity REIT,Industrial,Japan,,,,,1,,,,,,,,,
456,3281,GLP J-REIT,,TSE,Equity REIT,Industrial,Japan,,,,,1,,,,,,,,,
502,3487,CRE Logistics REIT Inc,,TSE,Equity REIT,Industrial,Japan,,,,,1,,,,,,,,,
471,3249,Industrial & Infrastructure Fund Investment Corp.,,TSE,Equity REIT,"Industrial, Infrastructure",Japan,,,,,1,1,,,,,,,,
491,3471,Mitsui Fudosan Logistics Park Inc.,,TSE,Equity REIT,"Industrial, Infrastructure",Japan,,,,,1,1,,,,,,,,
495,3481,Mitsubishi Estate Logistics REIT Investment Corp,,TSE,Equity REIT,"Industrial, Infrastructure",Japan,,,,,1,1,,,,,,,,
496,3468,Star Asia Investment Corp,,TSE,Equity REIT,"Industrial, Office, Residential, Retail",Japan,,,,,1,,,1,1,,1,,,
455,8954,Orix JREIT Inc,,TSE,Equity REIT,"Industrial, Office, Retail, Residential, Hotel",Japan,,,,1,1,,,1,1,,1,,,
470,8967,Japan Logistics Fund Inc,,TSE,Equity REIT,"Infrastructure, Industrial",Japan,,,,,1,1,,,,,,,,
488,3466,LaSalle Logiport REIT,,TSE,Equity REIT,"Infrastructure, Industrial",Japan,,,,,1,1,,,,,,,,
468,3292,AEON REIT Investment Corp,,TSE,Equity REIT,"Infrastructure, Retail",Japan,,,,,,1,,,,,1,,,
448,8951,Nippon Building Fund Inc,,TSE,Equity REIT,Office,Japan,,,,,,,,1,,,,,,
449,8952,Japan Real Estate Investment Corporation,,TSE,Equity REIT,Office,Japan,,,,,,,,1,,,,,,
479,3227,MCUBS MidCity Investment Corp.,,TSE,Equity REIT,Office,Japan,,,,,,,,1,,,,,,
480,8975,Ichigo Office REIT Investment,,TSE,Equity REIT,Office,Japan,,,,,,,,1,,,,,,
482,3298,Invesco Office J-Reit Inc,,TSE,Equity REIT,Office,Japan,,,,,,,,1,,,,,,
490,8958,Global One Real Estate Investment Corp,,TSE,Equity REIT,Office,Japan,,,,,,,,1,,,,,,
473,8987,Japan Excellent Inc,,TSE,Equity REIT,"Office, Residential",Japan,,,,,,,,1,1,,,,,
477,8956,Premier Investment Corp.,,TSE,Equity REIT,"Office, Residential",Japan,,,,,,,,1,1,,,,,
478,8968,Fukuoka REIT Corp.,,TSE,Equity REIT,"Office, Residential",Japan,,,,,,,,1,1,,,,,
481,3296,NIPPON REIT Investment Corp.,,TSE,Equity REIT,"Office, Residential",Japan,,,,,,,,1,1,,,,,
489,8966,Heiwa Real Estate REIT Inc.,,TSE,Equity REIT,"Office, Residential",Japan,,,,,,,,1,1,,,,,
464,3234,Mori Hills REIT Investment Corp,,TSE,Equity REIT,"Office, Residential, Retail",Japan,,,,,,,,1,1,,1,,,
504,3488,XYMAX REIT Investment Corp,,TSE,Equity REIT,"Office, Residential, Retail, Hotel",Japan,,,,1,,,,1,1,,1,,,
458,8955,Japan Prime Realty Investment Corp,,TSE,Equity REIT,"Office, Retail",Japan,,,,,,,,1,,,1,,,
459,3279,Activia Properties Inc,,TSE,Equity REIT,"Office, Retail",Japan,,,,,,,,1,,,1,,,
462,8972,Kenedix Office Investment Corp,,TSE,Equity REIT,"Office, Retail",Japan,,,,,,,,1,,,1,,,
469,8961,Mori Trust Sogo Reit Inc,,TSE,Equity REIT,"Office, Retail",Japan,,,,,,,,1,,,1,,,
497,3290,One REIT Inc.,,TSE,Equity REIT,"Office, Retail",Japan,,,,,,,,1,,,1,,,
503,3451,Tosei Reit Investment Corp,,TSE,Equity REIT,"Office, Retail, Residential",Japan,,,,,,,,1,1,,1,,,
457,3269,Advance Residence Investment Corp,,TSE,Equity REIT,Residential,Japan,,,,,,,,,1,,,,,
474,3282,Comforia Residential REIT Inc.,,TSE,Equity REIT,Residential,Japan,,,,,,,,,1,,,,,
476,8986,Japan Rental Housing Investments Inc.,,TSE,Equity REIT,Residential,Japan,,,,,,,,,1,,,,,
485,3278,Kenedix Residential Next Investment Corp,,TSE,Equity REIT,Residential,Japan,,,,,,,,,1,,,,,
498,3459,Samty Residential Investment Corp,,TSE,Equity REIT,Residential,Japan,,,,,,,,,1,,,,,
499,8979,Starts Proceed Investment Corp,,TSE,Equity REIT,Residential,Japan,,,,,,,,,1,,,,,
454,8984,Daiwa House REIT Investment Corp,,TSE,Equity REIT,"Residential, Industrial, Retail",Japan,,,,,1,,,,1,,1,,,
486,3287,Hoshino Resorts REIT Inc,,TSE,Equity REIT,"Resorts, Hotel",Japan,,,,1,,,,,,1,,,,
451,8953,Japan Retail Fund Investment Corp,,TSE,Equity REIT,Retail,Japan,,,,,,,,,,,1,,,
467,8964,Frontier Real Estate Investment Corp,,TSE,Equity REIT,Retail,Japan,,,,,,,,,,,1,,,
487,3453,Kenedix Retail REIT Corp.,,TSE,Equity REIT,Retail,Japan,,,,,,,,,,,1,,,
452,8960,United Urban Investment Corp,,TSE,Equity REIT,"Retail, Office, Hotel, Residential, Specialty",Japan,,,,1,,,,1,1,,1,,,1
501,3473,Sakura Sogo REIT Investment Corp,,TSE,Equity REIT,"Retail, Office, Residential",Japan,,,,,,,,1,1,,1,,,
506,3472,Ooedo Onsen Reit Investment Corp,,TSE,Equity REIT,Specialty,Japan,,,,,,,,,,,,,,1
762,AJA,Astro Japan Property Group,,ASX,,,Japan,,,,,,,,,,,,,,
563,FIHO12,Fibra Hotelera Mexicana SA de CV,,BMV,Equity REIT,Hotel,Mexico,,,,1,,,,,,,,,,
567,FINN13,Fibra Inn,,BMV,Equity REIT,"Hotel, Resorts",Mexico,,,,1,,,,,,1,,,,
557,TERRA13,Terrafina S.A. de CV REIT,,BMV,Equity REIT,Industrial,Mexico,,,,,1,,,,,,,,,
562,FIBRAPL14,Fibra Prologis,,BMV,Equity REIT,Industrial,Mexico,,,,,1,,,,,,,,,
569,FNOVA17,FIBRA NOVA,,BMV,Equity REIT,Industrial,Mexico,,,,,1,,,,,,,,,
566,FMTY14,Fibra Mty,,BMV,Equity REIT,"Industrial, Hotel, Retail",Mexico,,,,1,1,,,,,,1,,,
561,FIBRAMQ12,Macquarie Mexico Real Estate Management SA de CV,,BMV,Equity REIT,"Industrial, Office, Retail",Mexico,,,,,1,,,1,,,1,,,
558,FIBRHD15,Fibra Hd,,BMV,Equity REIT,"Industrial, Office, Retail, Specialty",Mexico,,,,,1,,,1,,,1,,,1
556,FUNO11,Fibra Uno Administracion REIT SA De CV,,BMV,Equity REIT,"Industrial, Retail, Office",Mexico,,,,,1,,,1,,,1,,,
568,FPLUS16,Fibra Plus,,BMV,Equity REIT,"Office, Residential, Retail, Industrial",Mexico,,,,,1,,,1,1,,1,,,
565,FSHOP13,Fibra Shop,,BMV,Equity REIT,Retail,Mexico,,,,,,,,,,,1,,,
564,DANHOS13,Concentradora Fibra Danhos SA de CV,,BMV,Equity REIT,"Retail, Office",Mexico,,,,,,,,1,,,1,,,
599,NSI,NIEUWE STEEN INVESTMENTS (NSI) N.V.,,AMS,Equity REIT,Office,Netherlands,,,,,,,,1,,,,,,
597,ECMPA,Eurocommercial Properties N.V.,,AMS,Equity REIT,Retail,Netherlands,,,,,,,,,,,1,,,
598,WHA,Wereldhave N.V.,,AMS,Equity REIT,Retail,Netherlands,,,,,,,,,,,1,,,
527,AJBU,Keppel DC REIT,,SGX,Equity REIT,Data Centers,Singapore,1,,,,,,,,,,,,,
536,C2PU,Parkway Life Real Estate Investment Trust,,SGX,Equity REIT,Health Care,Singapore,,,1,,,,,,,,,,,
512,A68U,Ascott Residence Trust,,SGX,Equity REIT,Hotel,Singapore,,,,1,,,,,,,,,,
514,K2LU,Cache Logistics Trust,,SGX,Equity REIT,Industrial,Singapore,,,,,1,,,,,,,,,
518,BWCU,EC World Real Estate Investment Trust,,SGX,Equity REIT,"Industrial, Infrastructure",Singapore,,,,,1,1,,,,,,,,
524,BUOU,Frasers Logistics & Industrial Trust,,SGX,Equity REIT,"Industrial, Infrastructure",Singapore,,,,,1,1,,,,,,,,
533,M44U,Mapletree Logistics Trust,,SGX,Equity REIT,"Industrial, Infrastructure",Singapore,,,,,1,1,,,,,,,,
509,CNNU,Cromwell European Real Estate Investment Trust,,SGX,Equity REIT,"Industrial, Office",Singapore,,,,,1,,,1,,,,,,
519,J91U,ESR-REIT,,SGX,Equity REIT,"Industrial, Office",Singapore,,,,,1,,,1,,,,,,
532,ME8U,Mapletree Industrial Trust,,SGX,Equity REIT,"Industrial, Office",Singapore,,,,,1,,,1,,,,,,
537,M1GU,Sabana Shari'ah Compliant Industrial Real Estate Investment Trust,,SGX,Equity REIT,"Industrial, Office",Singapore,,,,,1,,,1,,,,,,
539,SV3U,Soilbuild Business Space REIT,,SGX,Equity REIT,"Industrial, Office",Singapore,,,,,1,,,1,,,,,,
525,A17U,Ascendas Real Estate Investment Trust,,SGX,Equity REIT,"Industrial, Office, Retail",Singapore,,,,,1,,,1,,,1,,,
510,UD1U,IREIT Global,,SGX,Equity REIT,Office,Singapore,,,,,,,,1,,,,,,
511,O5RU,AIMS AMP Capital Industrial REIT,,SGX,Equity REIT,Office,Singapore,,,,,,,,1,,,,,,
515,C61U,CapitaLand Commercial Trust,,SGX,Equity REIT,Office,Singapore,,,,,,,,1,,,,,,
520,AW9U,First Real Estate Investment Trust,,SGX,Equity REIT,Office,Singapore,,,,,,,,1,,,,,,
522,ND8U,Frasers Commercial Trust,,SGX,Equity REIT,Office,Singapore,,,,,,,,1,,,,,,
526,CMOU,Keppel-KBS US REIT,,SGX,Equity REIT,Office,Singapore,,,,,,,,1,,,,,,
528,K71U,Keppel REIT,,SGX,Equity REIT,Office,Singapore,,,,,,,,1,,,,,,
530,BTOU,Manulife US Real Estate Investment Trust,,SGX,Equity REIT,Office,Singapore,,,,,,,,1,,,,,,
534,RW0U,Mapletree North Asia Commercial Trust,,SGX,Equity REIT,Office,Singapore,,,,,,,,1,,,,,,
535,TS0U,OUE Commercial Real Estate Investment Trust,,SGX,Equity REIT,Office,Singapore,,,,,,,,1,,,,,,
513,BMGU,BHG Retail REIT,,SGX,Equity REIT,Retail,Singapore,,,,,,,,,,,1,,,
516,C38U,CapitaLand Mall Trust,,SGX,Equity REIT,Retail,Singapore,,,,,,,,,,,1,,,
517,AU8U,CapitaLand Retail China Trust,,SGX,Equity REIT,Retail,Singapore,,,,,,,,,,,1,,,
521,F25U,Fortune REIT,,SGX,Equity REIT,Retail,Singapore,,,,,,,,,,,1,,,
523,J69U,Frasers Centrepoint Trust,,SGX,Equity REIT,Retail,Singapore,,,,,,,,,,,1,,,
529,D5IU,Lippo Malls Indonesia Retail Trust,,SGX,Equity REIT,Retail,Singapore,,,,,,,,,,,1,,,
538,CRPU,Sasseur Real Estate Investment Trust,,SGX,Equity REIT,Retail,Singapore,,,,,,,,,,,1,,,
540,SK6U,SPH REIT,,SGX,Equity REIT,Retail,Singapore,,,,,,,,,,,1,,,
541,P40U,Starhill Global Real Estate Investment Trust,,SGX,Equity REIT,Retail,Singapore,,,,,,,,,,,1,,,
542,T82U,Suntec Real Estate Investment Trust,,SGX,Equity REIT,Retail,Singapore,,,,,,,,,,,1,,,
531,N2IU,Mapletree Commercial Trust,,SGX,Equity REIT,"Retail, Office",Singapore,,,,,,,,1,,,1,,,
550,COL,Inmobiliaria Colonial SOCIMI SA,,BME,Equity REIT,"Office, Retail, Diversified",Spain,,1,,,,,,1,,,1,,,
548,MRL,"Merlin Properties SOCIMI, S.A",,BME,Equity REIT,"Hotel, Industrial, Office, Retail",Spain,,,,1,1,,,1,,,1,,,
551,RLIA,REALIA Business,,BME,Equity REIT,"Residential, Office, Retail, Specialty",Spain,,,,,,,,1,1,,1,,,1
553,YAP67,"AP67 SOCIMI, S.A",,BME,Equity REIT,"Residential, Retail",Spain,,,,,,,,,1,,1,,,
549,YORE,Olimpo Real Estate SOCIMI,,BME,Equity REIT,Retail,Spain,,,,,,,,,,,1,,,
552,YAML,"AM Locales Property Socimi, S.A.",,BME,Equity REIT,Retail,Spain,,,,,,,,,,,1,,,
763,YAPS,"Albirana Properties SOCIMI, S.A.U.",,BME,,Residential,Spain,,,,,,,,,1,,,,,
356,AGR,Assura PLC,,LSE,Equity REIT,Health Care,United Kingdom,,,1,,,,,,,,,,,
372,IHR,Impact Healthcare REIT Plc,,LSE,Equity REIT,Health Care,United Kingdom,,,1,,,,,,,,,,,
380,PHP,Primary Health Properties Plc,,LSE,Equity REIT,Health Care,United Kingdom,,,1,,,,,,,,,,,
391,THRL,Target Healthcare REIT,,LSE,Equity REIT,Health Care,United Kingdom,,,1,,,,,,,,,,,
382,RDI,RDI REIT Plc,,LSE,Equity REIT,"Hotel, Office, Retail",United Kingdom,,,,1,,,,1,,,1,,,
392,TCSC.L,Town Centre Securities,,LSE,Equity REIT,"Hotel, Office, Retail, Specialty",United Kingdom,,,,1,,,,1,,,1,,,1
379,SHED,PACIFIC INDUSTRIAL & LOGISTICS REIT Plc,,LSE,Equity REIT,Industrial,United Kingdom,,,,,1,,,,,,,,,
384,SGRO,SEGRO Plc,,LSE,Equity REIT,Industrial,United Kingdom,,,,,1,,,,,,,,,
393,GBX,Tritax Big Box REIT Plc,,LSE,Equity REIT,Industrial,United Kingdom,,,,,1,,,,,,,,,
397,WHR,Warehouse REIT Plc,,LSE,Equity REIT,Industrial,United Kingdom,,,,,1,,,,,,,,,
355,AEWU,AEW UK REIT Plc,,LSE,Equity REIT,"Industrial, Office, Retail",United Kingdom,,,,,1,,,1,,,1,,,
360,CREI,Custodian REIT Plc,,LSE,Equity REIT,"Industrial, Office, Retail",United Kingdom,,,,,1,,,1,,,1,,,
363,EPIC,Ediston Property Investment Co Plc,,LSE,Equity REIT,"Industrial, Office, Retail",United Kingdom,,,,,1,,,1,,,1,,,
376,MCKS,McKay Securities Plc,,LSE,Equity REIT,"Industrial, Office, Retail",United Kingdom,,,,,1,,,1,,,1,,,
377,MKLW,A & J Mucklow Group Plc,,LSE,Equity REIT,"Industrial, Office, Retail",United Kingdom,,,,,1,,,1,,,1,,,
383,RGL,Regional REIT Ltd,,LSE,Equity REIT,"Industrial, Office, Retail",United Kingdom,,,,,1,,,1,,,1,,,
387,SREI,Schroder Real Estate Investment Trst Ltd,,LSE,Equity REIT,"Industrial, Office, Retail",United Kingdom,,,,,1,,,1,,,1,,,
389,SLI,Standard Life Investments Property Income Trust Limited,,LSE,Equity REIT,"Industrial, Office, Retail, Health Care, Residential, Hotel",United Kingdom,,,1,1,1,,,1,1,,1,,,
366,GPRO,Glenstone Property Group Plc,,LSE,Equity REIT,"Industrial, Residential, Office, Retail",United Kingdom,,,,,1,,,1,1,,1,,,
371,HCFT,Highcroft Investments Plc,,LSE,Equity REIT,"Industrial, Retail, Office, Residential",United Kingdom,,,,,1,,,1,1,,1,,,
361,DLN,Derwent London Plc,,LSE,Equity REIT,Office,United Kingdom,,,,,,,,1,,,,,,
398,WKP,Workspace Group Plc,,LSE,Equity REIT,Office,United Kingdom,,,,,,,,1,,,,,,
370,HSTN,Hansteen Holdings Plc,,LSE,Equity REIT,"Office, Industrial, Retail, Specialty",United Kingdom,,,,,1,,,1,,,1,,,1
367,GPOR,Great Portland Estates Plc,,LSE,Equity REIT,"Office, Residential, Retail",United Kingdom,,,,,,,,1,1,,1,,,
375,LMP,Londonmetric Property Plc,,LSE,Equity REIT,"Office, Residential, Retail, Specialty, Industrial",United Kingdom,,,,,1,,,1,1,,1,,,1
358,BLND,British Land Company Plc,,LSE,Equity REIT,"Office, Retail",United Kingdom,,,,,,,,1,,,1,,,
362,DRIP,Drum Income Plus REIT Plc,,LSE,Equity REIT,"Office, Retail",United Kingdom,,,,,,,,1,,,1,,,
368,GRIO,Ground Rents Income Fund Plc,,LSE,Equity REIT,Residential,United Kingdom,,,,,,,,,1,,,,,
394,UTG,UNITE Group Plc,,LSE,Equity REIT,Residential,United Kingdom,,,,,,,,,1,,,,,
396,WAFR,Walls and Futures REIT Plc,,LSE,Equity REIT,Residential,United Kingdom,,,,,,,,,1,,,,,
381,RLE,Real Estate Investors Plc,,LSE,Equity REIT,"Residential, Office, Retail",United Kingdom,,,,,,,,1,1,,1,,,
359,CAL,Capital & Regional Plc,,LSE,Equity REIT,Retail,United Kingdom,,,,,,,,,,,1,,,
369,HMSO,Hammerson Plc,,LSE,Equity REIT,Retail,United Kingdom,,,,,,,,,,,1,,,
373,INTU,Intu Properties Plc,,LSE,Equity REIT,Retail,United Kingdom,,,,,,,,,,,1,,,
374,LSR,The Local Shopping REIT Plc,,LSE,Equity REIT,Retail,United Kingdom,,,,,,,,,,,1,,,
378,NRR,NewRiver Reit Plc,,LSE,Equity REIT,Retail,United Kingdom,,,,,,,,,,,1,,,
390,SUPR,Supermarket Income REIT Plc,,LSE,Equity REIT,Retail,United Kingdom,,,,,,,,,,,1,,,
388,SHB,Shaftesbury Plc,,LSE,Equity REIT,"Retail, Specialty",United Kingdom,,,,,,,,,,,1,,,1
357,BYG,Big Yellow Group Plc,,LSE,Equity REIT,Self Storage,United Kingdom,,,,,,,,,,,,1,,
32,FCRE,F&C UK Real Estate Investments Ltd,,LSE,Mortgage REIT,Diversified,United Kingdom,,1,,,,,,,,,,,,
205,OFC,Corporate Office Properties Trust,7.2,NYSE,Equity REIT,"Data Centers, Office, Diversified",United States,1,1,,,,,,1,,,,,,
102,ALX,Alexander's Inc.,6.6,NYSE,Equity REIT,Diversified,United States,,1,,,,,,,,,,,,
189,LAND,"Gladstone Land Corporation, Inc.",7.3,NASDAQ,Equity REIT,"Diversified, Farms",United States,,1,,,,,,,,,,,,
119,CLNY,Colony Capital,4.7,NYSE,Equity REIT,"Diversified, Health Care, Industrial, Hotel",United States,,1,1,1,1,,,,,,,,,
273,STAR,iStar Inc.,3.6,NYSE,Equity REIT,"Diversified, Hotel, Industrial, Health Care, Office, Residential, Resorts",United States,,1,1,1,1,,,1,1,1,,,,
164,GOOD,"Gladstone Commercial Corporation, Inc.",7,NASDAQ,Equity REIT,"Diversified, Industrial, Office, Health Care, Retail",United States,,1,1,,1,,,1,,,1,,,
255,WPC,"W.P. Carey, Inc.",8.2,NYSE,Equity REIT,"Diversified, Industrial, Self Storage, Office, Retail",United States,,1,,,1,,,1,,,1,1,,
194,LXP,"Lexington Realty Trust, Inc.",6.6,NYSE,Equity REIT,"Diversified, Office, Industrial, Retail",United States,,1,,,1,,,1,,,1,,,
94,AAT,"American Assets Trust, Inc.",7.7,NYSE,Equity REIT,"Diversified, Office, Residential, Hotel, Retail",United States,,1,,1,,,,1,1,,1,,,
274,KW,"Kennedy Wilson, Inc.",4.6,NYSE,Equity REIT,"Diversified, Office, Residential, Retail, Hotel",United States,,1,,1,,,,1,1,,1,,,
251,VER,"Vereit, Inc.",8.1,NYSE,Equity REIT,"Diversified, Office, Retail, Industrial",United States,,1,,,1,,,1,,,1,,,
252,VNO,Vornado Realty Trust,8.7,NYSE,Equity REIT,"Diversified, Residential, Office",United States,,1,,,,,,1,1,,,,,
183,IRET,"Investors Real Estate Trust, Inc.",6.7,NYSE,Equity REIT,"Diversified, Residential, Office, Retail, Health Care",United States,,1,1,,,,,1,1,,1,,,
268,FREVS,First REIT of New Jersey,3.4,Over-the-Counter (OTC),Equity REIT,"Diversified, Residential, Retail",United States,,1,,,,,,,1,,1,,,
256,WRE,Washington Real Estate Investment Trust,7.2,NYSE,Equity REIT,"Diversified, Residential, Retail, Office",United States,,1,,,,,,1,1,,1,,,
285,ALEX,"Alexander & Baldwin, Inc.",7.9,NYSE,Equity REIT,"Diversified, Retail, Office, Industrial, Specialty",United States,,1,,,1,,,1,,,1,,,1
97,AHH,"Armada Hoffler Properties, Inc.",7.5,NYSE,Equity REIT,"Diversified, Retail, Residential, Office",United States,,1,,,,,,1,1,,1,,,
385,SAFE,Safehold Inc.,7,NYSE,Equity REIT,"Diversified, Specialty",United States,,1,,,,,,,,,,,,1
193,LTC,"LTC Properties, Inc.",7.9,NYSE,Equity REIT,"Health Care, Diversified",United States,,1,1,,,,,,,,,,,
282,VICI,VICI Properties Inc.,7.7,NYSE,Equity REIT,"Hotel, Specialty, Diversified",United States,,1,,1,,,,,,,,,,1
169,GYRO,"Gyrodyne Company of America, Inc.",2.6,NASDAQ,Equity REIT,"Industrial, Office, Health Care, Diversified",United States,,1,1,,1,,,1,,,,,,
207,OLP,"One Liberty Properties, Inc.",7,NYSE,Equity REIT,"Industrial, Office, Retail, Diversified, Health Care",United States,,1,1,,1,,,1,,,1,,,
172,HPP,Hudson Pacific Properties,7.3,NYSE,Equity REIT,"Office, Diversified",United States,,1,,,,,,1,,,,,,
113,BXP,Boston Properties,7.9,NYSE,Equity REIT,"Office, Residential, Hotel, Retail, Diversified",United States,,1,,1,,,,1,1,,1,,,
244,UBA,"Urstadt Biddle Properties, Inc.",8.1,NYSE,Equity REIT,"Retail, Diversified, Health Care, Specialty",United States,,1,1,,,,,,,,1,,,1
264,CTO,Consolidated-Tomoka Land Co.,6.7,NYSE,Equity REIT,"Retail, Diversified, Office, Hotel, Specialty",United States,,1,,1,,,,1,,,1,,,1
271,GNL,"Global Net Lease, Inc.",6.9,NYSE,Equity REIT,"Retail, Industrial, Diversified, Office",United States,,1,,,1,,,1,,,1,,,
140,EPR,"Entertainment Properties Trust, Inc.",7.9,NYSE,Equity REIT,"Specialty, Diversified",United States,,1,,,,,,,,,,,,1
559,DS,Drive Shack Inc.,3.9,NYSE,Equity REIT,"Specialty, Diversified",United States,,1,,,,,,,,,,,,1
121,CONE,"CyrusOne, Inc.",8.3,NASDAQ,Equity REIT,Data Centers,United States,1,,,,,,,,,,,,,
122,COR,CoreSite Reality Corporation,7.8,NYSE,Equity REIT,Data Centers,United States,1,,,,,,,,,,,,,
133,DLR,Digital Realty Trust,8.4,NYSE,Equity REIT,Data Centers,United States,1,,,,,,,,,,,,,
218,QTS,"QTS Realty Trust, Inc.",8.4,NYSE,Equity REIT,Data Centers,United States,1,,,,,,,,,,,,,
266,EQIX,"Equinix, Inc.",7.8,NASDAQ,Equity REIT,Data Centers,United States,1,,,,,,,,,,,,,
184,IRM,"Iron Mountain, Inc.",7,NYSE,Equity REIT,"Specialty, Data Centers",United States,1,,,,,,,,,,,,,1
125,CTRE,"CareTrust REIT, Inc.",8.3,NASDAQ,Equity REIT,Health Care,United States,,,1,,,,,,,,,,,
134,DOC,Physicians Realty Trust,6.8,NYSE,Equity REIT,Health Care,United States,,,1,,,,,,,,,,,
170,WELL,"Welltower, Inc.",7.9,NYSE,Equity REIT,Health Care,United States,,,1,,,,,,,,,,,
174,HR,"Healthcare Realty Trust, Inc.",7.6,NYSE,Equity REIT,Health Care,United States,,,1,,,,,,,,,,,
180,HTA,"Healthcare Trust of America, Inc.",7.8,NYSE,Equity REIT,Health Care,United States,,,1,,,,,,,,,,,
199,MPW,"Medical Properties Trust, Inc.",7.5,NYSE,Equity REIT,Health Care,United States,,,1,,,,,,,,,,,
200,NHI,"National Health Investors, Inc.",8.6,NYSE,Equity REIT,Health Care,United States,,,1,,,,,,,,,,,
206,OHI,"Omega Healthcare Investors, Inc.",8.1,NYSE,Equity REIT,Health Care,United States,,,1,,,,,,,,,,,
229,SBRA,"Sabra Health Care REIT, Inc.",7.7,NASDAQ,Equity REIT,Health Care,United States,,,1,,,,,,,,,,,
234,SNR,"New Senior Investment Group, Inc.",5,NYSE,Equity REIT,Health Care,United States,,,1,,,,,,,,,,,
248,UHT,Universal Health Realty Income Trust,7.5,NYSE,Equity REIT,Health Care,United States,,,1,,,,,,,,,,,
253,VTR,"Ventas, Inc.",7.8,NYSE,Equity REIT,Health Care,United States,,,1,,,,,,,,,,,
262,CHCT,Community Healthcare Trust,7.9,NYSE,Equity REIT,Health Care,United States,,,1,,,,,,,,,,,
270,GMRE,"Global Medical REIT, Inc.",7,NYSE,Equity REIT,Health Care,United States,,,1,,,,,,,,,,,
606,GBCS,"Global Healthcare REIT, Inc.",3.9,OTCMKTS,Equity REIT,Health Care,United States,,,1,,,,,,,,,,,
616,RHE,"Regional Health Properties,Inc.",3.3,NYSE,Equity REIT,Health Care,United States,,,1,,,,,,,,,,,
758,PEAK,"Healthpeak Properties, Inc.",4.3,NYSE,Equity REIT,Health Care,United States,,,1,,,,,,,,,,,
759,DHC,Diversified Healthcare Trust,,NASDAQ,Equity REIT,Health Care,United States,,,1,,,,,,,,,,,
605,CPLG,CorePoint Lodging Inc.,6.1,NYSE,Equity REIT,Hotel,United States,,,,1,,,,,,,,,,
99,AHT,"Ashford Hospitality Trust, Inc.",4.5,NYSE,Equity REIT,"Hotel, Resorts",United States,,,,1,,,,,,1,,,,
105,APLE,"Apple Hospitality REIT, Inc.",7.3,NYSE,Equity REIT,"Hotel, Resorts",United States,,,,1,,,,,,1,,,,
117,CLDT,Chatham Lodging Trust,7,NYSE,Equity REIT,"Hotel, Resorts",United States,,,,1,,,,,,1,,,,
136,DRH,DiamondRock Hospitality Co.,7.1,NYSE,Equity REIT,"Hotel, Resorts",United States,,,,1,,,,,,1,,,,
178,HST,"Host Hotels & Resorts, Inc.",7.4,NYSE,Equity REIT,"Hotel, Resorts",United States,,,,1,,,,,,1,,,,
182,INN,"Summit Hotel Properties, Inc.",7.5,NYSE,Equity REIT,"Hotel, Resorts",United States,,,,1,,,,,,1,,,,
197,MGP,MGM Growth Properties LLC,7.5,NYSE,Equity REIT,"Hotel, Resorts",United States,,,,1,,,,,,1,,,,
210,PEB,"Pebblebrook Hotel Trust, Inc.",7.5,NYSE,Equity REIT,"Hotel, Resorts",United States,,,,1,,,,,,1,,,,
222,RHP,"Ryman Hospitality Properties, Inc.",7.2,NYSE,Equity REIT,"Hotel, Resorts",United States,,,,1,,,,,,1,,,,
223,RLJ,RLJ Lodging Trust,7.3,NYSE,Equity REIT,"Hotel, Resorts",United States,,,,1,,,,,,1,,,,
231,SHO,"Sunstone Hotel Investors, Inc.",7.1,NYSE,Equity REIT,"Hotel, Resorts",United States,,,,1,,,,,,1,,,,
235,SOHO,"Sotherly Hotels, Inc.",5.7,NASDAQ,Equity REIT,"Hotel, Resorts",United States,,,,1,,,,,,1,,,,
259,XHR,"Xenia Hotels & Resorts, Inc.",7.5,NYSE,Equity REIT,"Hotel, Resorts",United States,,,,1,,,,,,1,,,,
263,CDOR,"Condor Hospitality Trust, Inc.",5.3,NASDAQ,Equity REIT,"Hotel, Resorts",United States,,,,1,,,,,,1,,,,
267,STAY,"ESH Hospitality, Inc.",7,NYSE,Equity REIT,"Hotel, Resorts",United States,,,,1,,,,,,1,,,,
260,SVC,"Service Properties Trust, Inc.",,3995008,Equity REIT,"Hotel, Retail, Specialty",United States,,,,1,,,,,,,1,,,1
135,DRE,Duke Realty Corporation,9,NYSE,Equity REIT,Industrial,United States,,,,,1,,,,,,,,,
137,EGP,"EastGroup Properties, Inc.",8.8,NYSE,Equity REIT,Industrial,United States,,,,,1,,,,,,,,,
148,FR,"First Industrial Realty Trust, Inc.",8,NYSE,Equity REIT,Industrial,United States,,,,,1,,,,,,,,,
191,LPT,"Liberty Property Trust, Inc.",7.4,NYSE,Equity REIT,Industrial,United States,,,,,1,,,,,,,,,
198,MNR,Monmouth Real Estate Investment Corp,7.7,NYSE,Equity REIT,Industrial,United States,,,,,1,,,,,,,,,
214,PLD,"Prologis, Inc.",9.3,NYSE,Equity REIT,Industrial,United States,,,,,1,,,,,,,,,
221,REXR,"Rexford Industrial Realty, Inc.",8.8,NYSE,Equity REIT,Industrial,United States,,,,,1,,,,,,,,,
239,STAG,"STAG Industrial, Inc.",8.6,NYSE,Equity REIT,Industrial,United States,,,,,1,,,,,,,,,
243,TRNO,Terreno Realty Corp.,9.3,NYSE,Equity REIT,Industrial,United States,,,,,1,,,,,,,,,
281,PLYM,Plymouth Industrial REIT Inc.,7.2,NYSE,Equity REIT,Industrial,United States,,,,,1,,,,,,,,,
608,ILPT,Industrial Logistics Properties Trust,6.9,NASDAQ,Equity REIT,Industrial,United States,,,,,1,,,,,,,,,
754,BPR,Brookfield Property REIT,3.6,NASDAQ,Equity REIT,"Industrial, Hotel, Office, Self Storage, Retail, Specialty",United States,,,,1,1,,,1,,,1,1,,1
165,GOODM,Gladstone Commercial Corp.,6.9,NASDAQ,Equity REIT,"Industrial, Office, Health Care, Retail",United States,,,1,,1,,,1,,,1,,,
615,TALR,Talon Real Estate Holding Corp.,,OTCMKTS,Equity REIT,"Industrial, Retail, Office",United States,,,,,1,,,1,,,1,,,
560,COLD,Americold Realty Trust,6.9,NYSE,Equity REIT,"Industrial, Specialty",United States,,,,,1,,,,,,,,,1
104,AMT,American Tower Corp,7.7,NYSE,Equity REIT,Infrastructure,United States,,,,,,1,,,,,,,,
123,CORR,"Corenergy Infrastructure Trust, Inc.",8.1,NYSE,Equity REIT,Infrastructure,United States,,,,,,1,,,,,,,,
217,PW,Power REIT,6.4,NYSE,Equity REIT,Infrastructure,United States,,,,,,1,,,,,,,,
250,UNIT,"Uniti Group, Inc.",4.5,NASDAQ,Equity REIT,Infrastructure,United States,,,,,,1,,,,,,,,
265,CCI,Crown Castle International Corp.,8.3,NYSE,Equity REIT,Infrastructure,United States,,,,,,1,,,,,,,,
276,LMRK,Landmark Infrastructure Partners LP,5.8,NASDAQ,Equity REIT,Infrastructure,United States,,,,,,1,,,,,,,,
326,SBAC,SBA Communications Corporation,5.7,NASDAQ,Equity REIT,Infrastructure,United States,,,,,,1,,,,,,,,
386,ZAYO,"Zayo Group Holdings, Inc.",4.6,NYSE,Equity REIT,"Infrastructure, Specialty",United States,,,,,,1,,,,,,,,1
107,ARE,"Alexandria Real Estate Equities, Inc.",8.9,NYSE,Equity REIT,Office,United States,,,,,,,,1,,,,,,
116,CIO,City Office REIT Inc,6.3,NYSE,Equity REIT,Office,United States,,,,,,,,1,,,,,,
128,CUZ,Cousins Properties,8.8,NYSE,Equity REIT,Office,United States,,,,,,,,1,,,,,,
129,CXP,"Columbia Property Trust, Inc.",7.3,NYSE,Equity REIT,Office,United States,,,,,,,,1,,,,,,
131,DEA,"Easterly Government Properties, Inc.",8.3,NYSE,Equity REIT,Office,United States,,,,,,,,1,,,,,,
141,EQC,Equity Commonwealth,7.9,NYSE,Equity REIT,Office,United States,,,,,,,,1,,,,,,
143,ESRT,"Empire State Realty Trust, Inc.",6.1,NYSE,Equity REIT,Office,United States,,,,,,,,1,,,,,,
152,FSP,Franklin Street Properties Corp.,6.5,NYSE,Equity REIT,Office,United States,,,,,,,,1,,,,,,
209,PDM,"Piedmont Office Realty Trust, Inc.",6.9,NYSE,Equity REIT,Office,United States,,,,,,,,1,,,,,,
212,PGRE,"Paramount Group, Inc.",6.8,NYSE,Equity REIT,Office,United States,,,,,,,,1,,,,,,
233,SLG,SL Green Realty Corp,8,NYSE,Equity REIT,Office,United States,,,,,,,,1,,,,,,
611,PCFO,"Pacific Office Properties Trust, Inc.",,OTCMKTS,Equity REIT,Office,United States,,,,,,,,1,,,,,,
751,OPI,Office Properties Income Trust,6.5,NASDAQ,Equity REIT,Office,United States,,,,,,,,1,,,,,,
120,CMCT,CIM Commercial Trust Corp,4.6,NASDAQ,Equity REIT,"Office, Hotel, Residential",United States,,,,1,,,,1,1,,,,,
216,PSB,"PS Business Parks, Inc.",8.8,NYSE,Equity REIT,"Office, Industrial",United States,,,,,1,,,1,,,,,,
171,HIW,"Highwoods Properties, Inc.",7.9,NYSE,Equity REIT,"Office, Industrial, Retail",United States,,,,,1,,,1,,,1,,,
109,BDN,Brandywine Realty Trust,7.4,NYSE,Equity REIT,"Office, Residential",United States,,,,,,,,1,1,,,,,
132,DEI,"Douglas Emmett, Inc.",7.7,NYSE,Equity REIT,"Office, Residential",United States,,,,,,,,1,1,,,,,
187,KRC,"Kilroy Realty Corp, Inc.",8.4,NYSE,Equity REIT,"Office, Residential",United States,,,,,,,,1,1,,,,,
607,IOR,Income Opportunity Realty Trust,5.2,NYSE,Equity REIT,"Office, Residential",United States,,,,,,,,1,1,,,,,
118,CLI,Mack-Cali Realty Corp,7.2,NYSE,Equity REIT,"Office, Residential, Retail, Hotel",United States,,,,1,,,,1,1,,1,,,
612,PRLE,Pillarstone Capital REIT,5.4,OTCMKTS,Equity REIT,"Office, Retail",United States,,,,,,,,1,,,1,,,
756,PSTL,"Postal Realty Trust, Inc.",,NYSE,Equity REIT,"Office, Specialty",United States,,,,,,,,1,,,,,,1
614,TCI,"Transcontinental Realty Investors, Inc.",2.5,NYSE,Equity REIT,"Office, Specialty, Residential",United States,,,,,,,,1,1,,,,,1
95,ACC,"American Campus Communities, Inc.",7.5,NYSE,Equity REIT,Residential,United States,,,,,,,,,1,,,,,
100,AIV,Apartment Investment & Management Co. (Aimco),7.2,NYSE,Equity REIT,Residential,United States,,,,,,,,,1,,,,,
103,AMH,American Homes 4 Rent,7,NYSE,Equity REIT,Residential,United States,,,,,,,,,1,,,,,
108,AVB,"AvalonBay Communities, Inc.",8.6,NYSE,Equity REIT,Residential,United States,,,,,,,,,1,,,,,
111,BRG,"Bluerock Residential Growth REIT, Inc.",6.1,NYSE,Equity REIT,Residential,United States,,,,,,,,,1,,,,,
124,CPT,Camden Property Trust,8.7,NYSE,Equity REIT,Residential,United States,,,,,,,,,1,,,,,
138,ELS,"Equity Lifestyle Properties, Inc.",7.8,NYSE,Equity REIT,Residential,United States,,,,,,,,,1,,,,,
142,EQR,Equity Residential,8.3,NYSE,Equity REIT,Residential,United States,,,,,,,,,1,,,,,
144,ESS,"Essex Property Trust, Inc.",8.3,NYSE,Equity REIT,Residential,United States,,,,,,,,,1,,,,,
185,IRT,"Independence Realty Trust, Inc.",6.9,NYSE,Equity REIT,Residential,United States,,,,,,,,,1,,,,,
195,MAA,"Mid-America Apartment Communities, Inc.",8.3,NYSE,Equity REIT,Residential,United States,,,,,,,,,1,,,,,
203,NXRT,"NexPoint Residential Trust, Inc.",6.8,NYSE,Equity REIT,Residential,United States,,,,,,,,,1,,,,,
220,RESI,Front Yard Residential,4.2,NYSE,Equity REIT,Residential,United States,,,,,,,,,1,,,,,
241,SUI,"Sun Communities, Inc.",8.3,NYSE,Equity REIT,Residential,United States,,,,,,,,,1,,,,,
246,UDR,UDR Inc.,8.8,NYSE,Equity REIT,Residential,United States,,,,,,,,,1,,,,,
249,UMH,"UMH Properties, Inc.",5.7,NYSE,Equity REIT,Residential,United States,,,,,,,,,1,,,,,
261,CLPR,"Clipper Realty, Inc.",3.1,NYSE,Equity REIT,Residential,United States,,,,,,,,,1,,,,,
272,INVH,Invitation Homes LP.,7.2,NYSE,Equity REIT,Residential,United States,,,,,,,,,1,,,,,
278,RVEN,"Reven Housing REIT, Inc.",4.6,NASDAQ,Equity REIT,Residential,United States,,,,,,,,,1,,,,,
286,BRT,BRT Apartments Corp.,6.3,NYSE,Equity REIT,Residential,United States,,,,,,,,,1,,,,,
613,RSRT,"RealSource Residential, Inc",,OTCMKTS,Equity REIT,Residential,United States,,,,,,,,,1,,,,,
753,HOM.U,BSR REIT,,TSX,Equity REIT,Residential,United States,,,,,,,,,1,,,,,
287,JBGS,JBG SMITH Properties,7.6,NYSE,Equity REIT,"Residential, Retail, Office",United States,,,,,,,,1,1,,1,,,
98,BHR,"Braemar Hotels & Resorts, Inc",6,NYSE,Equity REIT,"Resorts, Hotel",United States,,,,1,,,,,,1,,,,
179,HT,Hersha Hospitality Trust,6.7,NYSE,Equity REIT,"Resorts, Hotel",United States,,,,1,,,,,,1,,,,
181,IHT,Innsuites Hospitality Trust,6.5,NYSE,Equity REIT,"Resorts, Hotel",United States,,,,1,,,,,,1,,,,
213,PK,"Park Hotels & Resorts, Inc.",7.8,NYSE,Equity REIT,"Resorts, Hotel",United States,,,,1,,,,,,1,,,,
96,ADC,Agree Realty Corp.,9.1,NYSE,Equity REIT,Retail,United States,,,,,,,,,,,1,,,
101,AKR,Acadia Realty Trust,7.5,NYSE,Equity REIT,Retail,United States,,,,,,,,,,,1,,,
110,BFS,"Saul Centers, Inc.",7.4,NYSE,Equity REIT,Retail,United States,,,,,,,,,,,1,,,
112,BRX,"Brixmor Property Group, Inc.",7.4,NYSE,Equity REIT,Retail,United States,,,,,,,,,,,1,,,
114,CBL,"CBL & Associates Properties, Inc.",3.8,NYSE,Equity REIT,Retail,United States,,,,,,,,,,,1,,,
115,CDR,"Cedar Realty Trust, Inc.",6.3,NYSE,Equity REIT,Retail,United States,,,,,,,,,,,1,,,
146,FCPT,"Four Corners Property Trust, Inc.",8.1,NYSE,Equity REIT,Retail,United States,,,,,,,,,,,1,,,
151,FRT,Federal Realty Investment Trust,8.1,NYSE,Equity REIT,Retail,United States,,,,,,,,,,,1,,,
168,GTY,Getty Realty Corp.,7.5,NYSE,Equity REIT,Retail,United States,,,,,,,,,,,1,,,
186,KIM,"Kimco Realty Corp, Inc.",7.9,NYSE,Equity REIT,Retail,United States,,,,,,,,,,,1,,,
188,KRG,Kite Realty Group,7.1,NYSE,Equity REIT,Retail,United States,,,,,,,,,,,1,,,
196,MAC,Macerich Company,7.1,NYSE,Equity REIT,Retail,United States,,,,,,,,,,,1,,,
201,NNN,"National Retail Properties, Inc.",8.7,NYSE,Equity REIT,Retail,United States,,,,,,,,,,,1,,,
211,PEI,"Pennsylvania Real Estate Investment Trust, Inc.",6.2,NYSE,Equity REIT,Retail,United States,,,,,,,,,,,1,,,
219,REG,Regency Centers Corporation,8.1,NYSE,Equity REIT,Retail,United States,,,,,,,,,,,1,,,
224,ROIC,Retail Opportunity Investments Corp.,7.4,NASDAQ,Equity REIT,Retail,United States,,,,,,,,,,,1,,,
226,RPT,RPT Realty,6.9,NYSE,Equity REIT,Retail,United States,,,,,,,,,,,1,,,
227,EPRT,Essential Properties Realty Trust Inc,8,NYSE,Equity REIT,Retail,United States,,,,,,,,,,,1,,,
232,SKT,"Tanger Factory Outlet Centers, Inc.",7,NYSE,Equity REIT,Retail,United States,,,,,,,,,,,1,,,
236,SPG,Simon Property Group,7.5,NYSE,Equity REIT,Retail,United States,,,,,,,,,,,1,,,
238,SRG,"Seritage Growth Properties, Inc.",3.5,NYSE,Equity REIT,Retail,United States,,,,,,,,,,,1,,,
242,TCO,"Taubman Centers, Inc.",6.2,NYSE,Equity REIT,Retail,United States,,,,,,,,,,,1,,,
245,UBP,Urstadt Biddle Properties Inc,8.1,NYSE,Equity REIT,Retail,United States,,,,,,,,,,,1,,,
247,UE,Urban Edge Properties,6.8,NYSE,Equity REIT,Retail,United States,,,,,,,,,,,1,,,
254,WHLR,Wheeler Real Estate Investment Trust Inc,3.8,NASDAQ,Equity REIT,Retail,United States,,,,,,,,,,,1,,,
257,WRI,Weingarten Realty Investors,7.5,NYSE,Equity REIT,Retail,United States,,,,,,,,,,,1,,,
258,WSR,"Whitestone REIT, Inc.",4.8,NYSE,Equity REIT,Retail,United States,,,,,,,,,,,1,,,
269,GZTGF,Gazit Globe,5.5,OTCMKTS,Equity REIT,Retail,United States,,,,,,,,,,,1,,,
279,WPG,"Washington Prime Group, Inc.",5.6,NYSE,Equity REIT,Retail,United States,,,,,,,,,,,1,,,
352,SITC,SITE Centers Corp,6.2,NYSE,Equity REIT,Retail,United States,,,,,,,,,,,1,,,
610,RVI,Retail Value Inc.,5.1,NYSE,Equity REIT,Retail,United States,,,,,,,,,,,1,,,
395,SMTA,Spirit MTA REIT,,NYSE,Equity REIT,"Retail, Health Care",United States,,,1,,,,,,,,1,,,
173,MDRR,"Medalist Diversified REIT, Inc.",,NASDAQ,Equity REIT,"Retail, Hotel, Office, Residential",United States,,,,1,,,,1,1,,1,,,
240,STOR,Store Capital Corp,8.5,NYSE,Equity REIT,"Retail, Industrial",United States,,,,,1,,,,,,1,,,
554,AFIN,"American Finance Trust, Inc.",5.7,NASDAQ,Equity REIT,"Retail, Industrial, Office",United States,,,,,1,,,1,,,1,,,
204,O,Realty Income Corp,8.7,NYSE,Equity REIT,"Retail, Industrial, Office, Specialty",United States,,,,,1,,,1,,,1,,,1
237,SRC,"Spirit Realty Capital, Inc.",6.6,NYSE,Equity REIT,"Retail, Office, Industrial",United States,,,,,1,,,1,,,1,,,
106,APTS,"Preferred Apartment Communities, Inc.",6.7,NYSE,Equity REIT,"Retail, Office, Residential",United States,,,,,,,,1,1,,1,,,
225,RPAI,"Retail Properties of America, Inc",7.2,NYSE,Equity REIT,"Retail, Office, Residential",United States,,,,,,,,1,1,,1,,,
127,CUBE,CubeSmart,8.4,NYSE,Equity REIT,Self Storage,United States,,,,,,,,,,,,1,,
145,EXR,"Extra Space Storage, Inc.",8.2,NYSE,Equity REIT,Self Storage,United States,,,,,,,,,,,,1,,
192,LSI,"Life Storage, Inc.",8.1,NYSE,Equity REIT,Self Storage,United States,,,,,,,,,,,,1,,
202,NSA,National Storage Affiliates Trust,7.4,NYSE,Equity REIT,Self Storage,United States,,,,,,,,,,,,1,,
215,PSA,Public Storage,9.1,NYSE,Equity REIT,Self Storage,United States,,,,,,,,,,,,1,,
230,SELF,"Global Self Storage, Inc.",6.9,NASDAQ,Equity REIT,Self Storage,United States,,,,,,,,,,,,1,,
130,CXW,Corrections Corp of America (CoreCivic),7.1,NYSE,Equity REIT,Specialty,United States,,,,,,,,,,,,,,1
147,FPI,"Farmland Partners, Inc",5.3,NYSE,Equity REIT,Specialty,United States,,,,,,,,,,,,,,1
160,GEO,"The Geo Group, Inc.",6.2,NYSE,Equity REIT,Specialty,United States,,,,,,,,,,,,,,1
163,GLPI,"Gaming & Leisure Properties, Inc.",7.4,NASDAQ,Equity REIT,Specialty,United States,,,,,,,,,,,,,,1
208,OUT,"Outfront Media, Inc.",6.9,NYSE,Equity REIT,Specialty,United States,,,,,,,,,,,,,,1
275,LAMR,"Lamar Advertising Company, Inc.",7.5,NASDAQ,Equity REIT,Specialty,United States,,,,,,,,,,,,,,1
752,IIPR,"Innovative Industrial Properties, Inc.",7.1,NYSE,Equity REIT,Specialty,United States,,,,,,,,,,,,,,1
126,CTT,"CatchMark Timber Trust, Inc",5.6,NYSE,Equity REIT,Timber,United States,,,,,,,,,,,,,1,
228,RYN,"Rayonier, Inc.",7.6,NYSE,Equity REIT,Timber,United States,,,,,,,,,,,,,1,
277,PCH,Potlatch Corporation,7.3,NASDAQ,Equity REIT,Timber,United States,,,,,,,,,,,,,1,
280,WY,Weyerhaeuser Co.,6.2,NYSE,Equity REIT,Timber,United States,,,,,,,,,,,,,1,
757,PINE,"Alpine Income Property Trust, Inc.",,NYSE,Equity REIT,,United States,,,,,,,,,,,,,,
48,REET,iShares BlackRock Global REIT ETF,,NYSEARCA,ETF REIT,Diversified,United States,,1,,,,,,,,,,,,
49,SCHH,Schwab U.S. REIT ETF,,NYSEARCA,ETF REIT,Diversified,United States,,1,,,,,,,,,,,,
50,USRT,iShares BlackRock Core U.S. REIT ETF,,NYSEARCA,ETF REIT,Diversified,United States,,1,,,,,,,,,,,,
51,VGSIX,Vanguard REIT Index Fund Investor Shares ETF,,NASDAQ,ETF REIT,Diversified,United States,,1,,,,,,,,,,,,
52,ICF,iShares BlackRock Cohen & Steers REIT ETF,,Cboe BZX,ETF REIT,Diversified,United States,,1,,,,,,,,,,,,
53,REM,iShares BlackRock Mortgage Real Estate ETF,,Cboe BZX,ETF REIT,Diversified,United States,,1,,,,,,,,,,,,
54,FREL,Fidelity MSCI Real Estate Index ETF,,NYSEARCA,ETF REIT,Diversified,United States,,1,,,,,,,,,,,,
55,KBWY,Invesco KBW Premium Yield Equity REIT ETF,,NASDAQ,ETF REIT,Diversified,United States,,1,,,,,,,,,,,,
56,REZ,iShares BlackRock Residential Real Estate ETF,,NYSEARCA,ETF REIT,Diversified,United States,,1,,,,,,,,,,,,
58,FRI,First Trust S&P REIT Index Fund ETF,,NYSEARCA,ETF REIT,Diversified,United States,,1,,,,,,,,,,,,
59,ROOF,IQ US Real Estate Small Cap ETF,,NYSEARCA,ETF REIT,Diversified,United States,,1,,,,,,,,,,,,
60,SRET,Global X SuperDividend REIT ETF,,NASDAQ,ETF REIT,Diversified,United States,,1,,,,,,,,,,,,
61,PPTY,PPTY - U.S. Diversified Real Estate ETF,,NYSEARCA,ETF REIT,Diversified,United States,,1,,,,,,,,,,,,
62,BBRE,JPMorgan BetaBuilders MSCI US REIT ETF,,Cboe BZX,ETF REIT,Diversified,United States,,1,,,,,,,,,,,,
63,IFEU,iShares BlackRock Europe Developed Real Estate ETF,,NASDAQ,ETF REIT,Diversified,United States,,1,,,,,,,,,,,,
64,RORE,Hartford Multifactor REIT ETF,,NYSEARCA,ETF REIT,Diversified,United States,,1,,,,,,,,,,,,
65,NURE,NuShares Short-Term REIT ETF,,Cboe BZX,ETF REIT,Diversified,United States,,1,,,,,,,,,,,,
66,PSR,Invesco Active U.S. Real Estate Fund ETF,,NYSEARCA,ETF REIT,Diversified,United States,,1,,,,,,,,,,,,
67,EWRE,Invesco S&P 500?? Equal Weight Real Estate ETF,,NYSEARCA,ETF REIT,Diversified,United States,,1,,,,,,,,,,,,
68,REK,ProShares Short Real Estate ETF,,NASDAQ,ETF REIT,Diversified,United States,,1,,,,,,,,,,,,
69,RTL,Pacer Benchmark Retail Real Estate SCTR ETF,,NYSEARCA,ETF REIT,Diversified,United States,,1,,,,,,,,,,,,
70,SRVR,Pacer Benchmark Data & Infrastructure Real Estate SCTR ETF,,NYSEARCA,ETF REIT,Diversified,United States,,1,,,,,,,,,,,,
71,INDS,Pacer Benchmark Industrial Real Estate SCTR ETF,,NYSEARCA,ETF REIT,Diversified,United States,,1,,,,,,,,,,,,
72,WPS,iShares BlackRock S&P Developed ex-U.S. Property Index Fund ETF,,NYSEARCA,ETF REIT,Diversified,United States,,1,,,,,,,,,,,,
73,GRI,ALPS Trust Cohen & Steers Global Realty Majors ETF,,NYSEARCA,ETF REIT,Diversified,United States,,1,,,,,,,,,,,,
74,VNQ,Vanguard Real Estate Index Fund ETF,,NYSEARCA,ETF REIT,Diversified,United States,,1,,,,,,,,,,,,
75,IYR,iShares BlackRock U.S. Real Estate ETF,,NYSEARCA,ETF REIT,Diversified,United States,,1,,,,,,,,,,,,
76,XLRE,SPDR Real Estate Select Sector Fund ETF,,NYSEARCA,ETF REIT,Diversified,United States,,1,,,,,,,,,,,,
77,RWR,SPDR Dow Jones REIT ETF,,NYSEARCA,ETF REIT,Diversified,United States,,1,,,,,,,,,,,,
78,IFNA,iShares BlackRock FTSE EPRA/NAREIT North America Index Fund ETF,,NYSEARCA,ETF REIT,Diversified,United States,,1,,,,,,,,,,,,
79,IFGL,iShares International Developed Real Estate ETF,,NYSEARCA,ETF REIT,Diversified,United States,,1,,,,,,,,,,,,
80,FTY,iShares BlackRock FTSE NAREIT Real Estate 50 Index Fund ETF,,NYSEARCA,ETF REIT,Diversified,United States,,1,,,,,,,,,,,,
81,FNIQ,iShares BlackRock FTSE NAREIT Industrial/Office Capped Index Fund ETF,,NYSEARCA,ETF REIT,Diversified,United States,,1,,,,,,,,,,,,
82,FFR,First Trust FTSE EN Dev Mkts Rel Est ETF,,NYSEARCA,ETF REIT,Diversified,United States,,1,,,,,,,,,,,,
83,GQRE,FlexShares Global Quality Real Estate Index Fund,,NYSEARCA,ETF REIT,Diversified,United States,,1,,,,,,,,,,,,
84,TAO,Invesco China Real Estate ETF TAO,,NYSEARCA,ETF REIT,Diversified,United States,,1,,,,,,,,,,,,
85,IFAS,iShares BlackRock Asia Developed Real Estate,,NASDAQ,ETF REIT,Diversified,United States,,1,,,,,,,,,,,,
86,FNIO,iShares BlackRock Industrial/Office Real,,NYSEARCA,ETF REIT,Diversified,United States,,1,,,,,,,,,,,,
87,RWX,SPDR Dow Jones International Real Estate ETF,,NYSEARCA,ETF REIT,Diversified,United States,,1,,,,,,,,,,,,
88,DRW,WisdomTree Global Real Estate Sector Fund ETF,,NYSEARCA,ETF REIT,Diversified,United States,,1,,,,,,,,,,,,
89,RWO,SPDR Dow Jones Global Real Estate ETF,,NYSEARCA,ETF REIT,Diversified,United States,,1,,,,,,,,,,,,
90,VNQI,Vanguard Global ex-U.S. Real Estate Index Fund,,NYSEARCA,ETF REIT,Diversified,United States,,1,,,,,,,,,,,,
91,DXJR,WisdomTree Japan Hedged Real Estate Fund ETF,,NYSEARCA,ETF REIT,Diversified,United States,,1,,,,,,,,,,,,
92,BIREX,BlackRock Real Estate Securities Institutional ETF,,NASDAQ,ETF REIT,Diversified,United States,,1,,,,,,,,,,,,
93,SDIV,Global X SuperDividend ETF,,NYSE,ETF REIT,Diversified,United States,,1,,,,,,,,,,,,
57,MORT,VanEck Vectors Mortgage REIT Income ETF,,NYSEARCA,ETF REIT,"Diversified, Mortgage",United States,,1,,,,,1,,,,,,,
2,ACRE,Ares Commercial Real Estate Corp,5.8,NYSE,Mortgage REIT,"Mortgage, Diversified",United States,,1,,,,,1,,,,,,,
38,HMG,"HMG Courtland Properties, Inc.",5.7,NYSE,Mortgage REIT,"Mortgage, Diversified",United States,,1,,,,,1,,,,,,,
43,TRTX,"TPG Real Estate Finance Trust, Inc.",5.4,NYSE,Mortgage REIT,"Mortgage, Diversified",United States,,1,,,,,1,,,,,,,
0,ABR,"Arbor Realty Trust, Inc.",5.8,NYSE,Mortgage REIT,Mortgage,United States,,,,,,,1,,,,,,,
1,ABR-C,"Arbor Realty Trust, Inc.",,NYSE,Mortgage REIT,Mortgage,United States,,,,,,,1,,,,,,,
3,AGNC,AGNC Investment Corp.,2.8,NASDAQ,Mortgage REIT,Mortgage,United States,,,,,,,1,,,,,,,
4,AJX,Great Ajax Corp.,5.3,NYSE,Mortgage REIT,Mortgage,United States,,,,,,,1,,,,,,,
5,ANH,Anworth Mortgage Asset Corporation,3.8,NYSE,Mortgage REIT,Mortgage,United States,,,,,,,1,,,,,,,
6,ARI,"Apollo Commercial Real Estate Finance, Inc.",6.2,NYSE,Mortgage REIT,Mortgage,United States,,,,,,,1,,,,,,,
7,ARR,Armour Residential REIT Inc.,4.2,NYSE,Mortgage REIT,Mortgage,United States,,,,,,,1,,,,,,,
8,BXMT,"Blackstone Mortgage Trust, Inc.",4.6,NYSE,Mortgage REIT,Mortgage,United States,,,,,,,1,,,,,,,
9,CIM,Chimera Investment Corporation,3,NYSE,Mortgage REIT,Mortgage,United States,,,,,,,1,,,,,,,
10,CMO,Capstead Mortgage Corporation,2.7,NYSE,Mortgage REIT,Mortgage,United States,,,,,,,1,,,,,,,
11,DX,"Dynex Capital, Inc.",5.4,NYSE,Mortgage REIT,Mortgage,United States,,,,,,,1,,,,,,,
12,EARN,Ellington Residential Mortgage REIT,2.9,NYSE,Mortgage REIT,Mortgage,United States,,,,,,,1,,,,,,,
13,HASI,"Hannon Armstrong Sustainable Infrastructure Capital, Inc.",5.7,NYSE,Mortgage REIT,Mortgage,United States,,,,,,,1,,,,,,,
14,LOAN,"Manhattan Bridge Capital, Inc.",5.5,NASDAQ,Mortgage REIT,Mortgage,United States,,,,,,,1,,,,,,,
15,IVR,"Invesco Mortgage Capital, Inc.",4.2,NYSE,Mortgage REIT,Mortgage,United States,,,,,,,1,,,,,,,
17,LADR,Ladder Capital Corp,4.4,NYSE,Mortgage REIT,Mortgage,United States,,,,,,,1,,,,,,,
18,TRMT,Tremont Mortgage Trust,5.9,NASDAQ,Mortgage REIT,Mortgage,United States,,,,,,,1,,,,,,,
19,MFA,"MFA Mortgage Investments, Inc.",5,NYSE,Mortgage REIT,Mortgage,United States,,,,,,,1,,,,,,,
20,MITT,"AG Mortgage Investment Trust, Inc.",4.5,NYSE,Mortgage REIT,Mortgage,United States,,,,,,,1,,,,,,,
21,UDFI,United Development Funding IV,,OTCMKTS,Mortgage REIT,Mortgage,United States,,,,,,,1,,,,,,,
22,NLY,"Annaly Capital Management, Inc.",3.4,NYSE,Mortgage REIT,Mortgage,United States,,,,,,,1,,,,,,,
23,NRZ,New Residential Investment Corp.,4.4,NYSE,Mortgage REIT,Mortgage,United States,,,,,,,1,,,,,,,
24,NYMT,"New York Mortgage Trust, Inc.",4.2,NASDAQ,Mortgage REIT,Mortgage,United States,,,,,,,1,,,,,,,
25,NYMTO,"New York Mortgage Trust, Inc.",,NASDAQ,Mortgage REIT,Mortgage,United States,,,,,,,1,,,,,,,
26,ORC,"Orchid Island Capital, Inc.",3.4,NYSE,Mortgage REIT,Mortgage,United States,,,,,,,1,,,,,,,
27,PMT,Pennymac Mortgage Investment Trust,5.8,NYSE,Mortgage REIT,Mortgage,United States,,,,,,,1,,,,,,,
28,RWT,"Redwood Trust, Inc.",6.2,NYSE,Mortgage REIT,Mortgage,United States,,,,,,,1,,,,,,,
29,STWD,"Starwood Property Trust, Inc.",5,NYSE,Mortgage REIT,Mortgage,United States,,,,,,,1,,,,,,,
30,TWO,Two Harbors Investment Corp.,5.5,NYSE,Mortgage REIT,Mortgage,United States,,,,,,,1,,,,,,,
31,WMC,Western Asset Mortgage Capital Corp,2.6,NYSE,Mortgage REIT,Mortgage,United States,,,,,,,1,,,,,,,
33,BMNM,"Bimini Capital Management, Inc.",3.2,OTCMKTS,Mortgage REIT,Mortgage,United States,,,,,,,1,,,,,,,
34,CLNC,"Colony NorthStar Credit Real Estate, Inc",,NYSE,Mortgage REIT,Mortgage,United States,,,,,,,1,,,,,,,
35,CHMI,Cherry Hill Mortgage Investment Corp.,5.1,NYSE,Mortgage REIT,Mortgage,United States,,,,,,,1,,,,,,,
36,XAN,Exantas Capital Corp.,4.9,NYSE,Mortgage REIT,Mortgage,United States,,,,,,,1,,,,,,,
37,GPMT,Granite Point Mortgage Trust Inc.,4.1,NYSE,Mortgage REIT,Mortgage,United States,,,,,,,1,,,,,,,
39,IMH,"Impac Mortgage Holdings, Inc.",3.3,NYSE,Mortgage REIT,Mortgage,United States,,,,,,,1,,,,,,,
40,HCFT.A,"Hunt Companies Finance Trust, Inc.",,NYSE,Mortgage REIT,Mortgage,United States,,,,,,,1,,,,,,,
41,RASF,RAIT Financial Trust,0.7,OTCMKTS,Mortgage REIT,Mortgage,United States,,,,,,,1,,,,,,,
42,SACH,Sachem Capital Corp.,6.8,NYSE,Mortgage REIT,Mortgage,United States,,,,,,,1,,,,,,,
44,WFE.A,Wells Fargo Real Estate Investment Corp.,,NYSE,Mortgage REIT,Mortgage,United States,,,,,,,1,,,,,,,
45,RC,Ready Capital Corp.,3.8,NYSE,Mortgage REIT,Mortgage,United States,,,,,,,1,,,,,,,
46,AI,Arlington Asset Investment Corp.,3.3,NYSE,Mortgage REIT,Mortgage,United States,,,,,,,1,,,,,,,
47,BRMK,Broadmark Realty Capital,,NASDAQ,Mortgage REIT,Mortgage,United States,,,,,,,1,,,,,,,
16,JCAP,"Jernigan Capital, Inc.",8,NYSE,Mortgage REIT,"Mortgage, Self Storage",United States,,,,,,,1,,,,,1,,
461,8976,Daiwa Office Investment Corp.,,TSE,Equity REIT,Office,,,,,,,,,1,,,,,,
555,DTLA,Brookfield DTLA Fund Office Trust Investor Inc.,,NYSE,Equity REIT,Office,,,,,,,,,1,,,,,,
407,GDC,Genesis Land Development Corp.,,TSX,Equity REIT,Residential,,,,,,,,,,1,,,,,
760,TSX:MRG.UN,Morguard Corporation,,TSX,,,,,,,,,,,,,,,,,
